title,description
Registered Nurse,consequat lectus in est risus auctor sed tristique in tempus sit amet sem fusce consequat nulla nisl nunc nisl duis bibendum felis sed interdum venenatis turpis enim
Analyst Programmer,habitasse platea dictumst etiam faucibus cursus urna ut tellus nulla ut erat id mauris vulputate elementum nullam varius nulla facilisi cras non velit nec nisi vulputate nonummy maecenas tincidunt
Physical Therapy Assistant,non ligula pellentesque ultrices phasellus id sapien in sapien iaculis congue vivamus
Human Resources Assistant IV,sociis natoque penatibus et magnis dis parturient montes nascetur ridiculus mus vivamus vestibulum sagittis sapien cum sociis natoque
Marketing Assistant,quis odio consequat varius integer ac leo pellentesque ultrices mattis odio donec vitae nisi nam ultrices libero non mattis pulvinar nulla pede ullamcorper augue a
Business Systems Development Analyst,sapien dignissim vestibulum vestibulum ante ipsum primis in faucibus orci luctus et ultrices posuere
Teacher,luctus rutrum nulla tellus in sagittis dui vel nisl duis ac nibh fusce lacus purus aliquet at
Technical Writer,maecenas tincidunt lacus at velit vivamus vel nulla eget eros elementum pellentesque quisque porta volutpat erat quisque erat eros viverra eget congue eget
Occupational Therapist,ornare consequat lectus in est risus auctor sed tristique in tempus sit amet sem fusce consequat nulla nisl nunc nisl duis bibendum felis sed interdum venenatis turpis enim blandit
Junior Executive,quam sapien varius ut blandit non interdum in ante vestibulum ante ipsum primis in faucibus orci luctus et ultrices posuere cubilia curae duis faucibus accumsan odio curabitur convallis duis
Automation Specialist III,amet eleifend pede libero quis orci nullam molestie nibh in lectus pellentesque at nulla suspendisse potenti cras in purus eu magna vulputate luctus cum sociis natoque penatibus et magnis dis
VP Quality Control,nec nisi volutpat eleifend donec ut dolor morbi vel lectus in quam fringilla
GIS Technical Architect,adipiscing molestie hendrerit at vulputate vitae nisl aenean lectus pellentesque eget nunc donec quis
Programmer Analyst II,magna vulputate luctus cum sociis natoque penatibus et magnis dis parturient montes
Media Manager II,venenatis tristique fusce congue diam id ornare imperdiet sapien urna pretium nisl ut volutpat sapien arcu sed
Computer Systems Analyst IV,vestibulum quam sapien varius ut blandit non interdum in ante vestibulum ante
Biostatistician IV,est quam pharetra magna ac consequat metus sapien ut nunc vestibulum ante ipsum primis in faucibus orci luctus et ultrices posuere cubilia curae mauris viverra diam vitae quam
Research Associate,diam cras pellentesque volutpat dui maecenas tristique est et tempus semper est quam pharetra magna ac consequat metus sapien ut nunc
Structural Analysis Engineer,ante vel ipsum praesent blandit lacinia erat vestibulum sed magna at nunc commodo placerat praesent blandit nam nulla integer pede justo lacinia eget tincidunt eget
Marketing Manager,elit ac nulla sed vel enim sit amet nunc viverra dapibus nulla suscipit ligula
Civil Engineer,tincidunt ante vel ipsum praesent blandit lacinia erat vestibulum sed magna at nunc commodo placerat praesent blandit nam nulla integer pede justo lacinia eget
Accountant II,consequat ut nulla sed accumsan felis ut at dolor quis odio consequat varius
Help Desk Technician,nulla ac enim in tempor turpis nec euismod scelerisque quam turpis adipiscing lorem vitae mattis nibh ligula nec sem duis aliquam convallis nunc proin at turpis a pede posuere
Speech Pathologist,at lorem integer tincidunt ante vel ipsum praesent blandit lacinia
Internal Auditor,dui vel sem sed sagittis nam congue risus semper porta volutpat quam
Budget/Accounting Analyst I,aliquet maecenas leo odio condimentum id luctus nec molestie sed justo pellentesque viverra pede
Budget/Accounting Analyst II,tristique in tempus sit amet sem fusce consequat nulla nisl
Compensation Analyst,erat id mauris vulputate elementum nullam varius nulla facilisi cras non velit nec nisi vulputate nonummy maecenas
Administrative Assistant III,nisi venenatis tristique fusce congue diam id ornare imperdiet sapien urna pretium nisl ut volutpat sapien arcu sed augue aliquam erat volutpat in congue
Administrative Assistant IV,primis in faucibus orci luctus et ultrices posuere cubilia curae mauris viverra diam vitae quam suspendisse potenti nullam porttitor lacus at turpis donec posuere metus vitae ipsum
Financial Analyst,lacinia nisi venenatis tristique fusce congue diam id ornare imperdiet sapien urna pretium nisl ut volutpat sapien arcu sed augue aliquam erat volutpat
Statistician II,potenti cras in purus eu magna vulputate luctus cum sociis natoque penatibus et magnis dis
Staff Scientist,in lectus pellentesque at nulla suspendisse potenti cras in purus
Professor,felis ut at dolor quis odio consequat varius integer ac leo pellentesque ultrices mattis odio donec vitae nisi
Technical Writer,habitasse platea dictumst morbi vestibulum velit id pretium iaculis diam erat fermentum justo nec condimentum neque sapien
Assistant Manager,augue vestibulum ante ipsum primis in faucibus orci luctus et ultrices posuere cubilia curae donec pharetra magna vestibulum
VP Accounting,eget nunc donec quis orci eget orci vehicula condimentum curabitur in libero ut massa volutpat convallis morbi odio
Teacher,nunc purus phasellus in felis donec semper sapien a libero nam dui proin leo odio porttitor id consequat in
Research Assistant III,nisl venenatis lacinia aenean sit amet justo morbi ut odio cras mi pede malesuada in imperdiet et commodo vulputate
Marketing Manager,scelerisque quam turpis adipiscing lorem vitae mattis nibh ligula nec sem duis aliquam convallis nunc proin
Registered Nurse,dui luctus rutrum nulla tellus in sagittis dui vel nisl duis ac nibh fusce lacus purus aliquet at feugiat non pretium quis lectus suspendisse potenti in eleifend quam
Help Desk Operator,mattis pulvinar nulla pede ullamcorper augue a suscipit nulla elit ac nulla sed vel enim sit amet nunc viverra
Health Coach I,amet diam in magna bibendum imperdiet nullam orci pede venenatis non sodales sed tincidunt eu felis fusce posuere felis sed lacus morbi sem mauris laoreet
Environmental Specialist,lacinia aenean sit amet justo morbi ut odio cras mi pede malesuada in imperdiet et commodo vulputate justo in blandit ultrices
Systems Administrator I,interdum venenatis turpis enim blandit mi in porttitor pede justo eu massa donec dapibus duis at velit eu est congue elementum in hac habitasse platea dictumst morbi vestibulum velit
Quality Engineer,ligula in lacus curabitur at ipsum ac tellus semper interdum mauris ullamcorper purus sit amet nulla quisque arcu libero
Speech Pathologist,sed interdum venenatis turpis enim blandit mi in porttitor pede justo eu massa donec dapibus duis at velit eu est congue
Graphic Designer,ut nulla sed accumsan felis ut at dolor quis odio consequat varius integer ac leo pellentesque ultrices mattis odio donec vitae
Senior Financial Analyst,lacus at turpis donec posuere metus vitae ipsum aliquam non mauris morbi non lectus aliquam sit amet diam in magna
Design Engineer,aliquam quis turpis eget elit sodales scelerisque mauris sit amet eros suspendisse accumsan
VP Quality Control,dapibus nulla suscipit ligula in lacus curabitur at ipsum ac tellus semper interdum mauris ullamcorper purus sit amet nulla quisque
Technical Writer,in sapien iaculis congue vivamus metus arcu adipiscing molestie hendrerit at vulputate vitae nisl
Environmental Tech,nascetur ridiculus mus vivamus vestibulum sagittis sapien cum sociis natoque penatibus et
Software Consultant,eleifend luctus ultricies eu nibh quisque id justo sit amet sapien dignissim vestibulum vestibulum ante ipsum primis in
Account Executive,libero convallis eget eleifend luctus ultricies eu nibh quisque id justo sit amet sapien dignissim vestibulum vestibulum ante ipsum primis in faucibus orci luctus et ultrices posuere
Recruiter,mollis molestie lorem quisque ut erat curabitur gravida nisi at
Marketing Manager,in lacus curabitur at ipsum ac tellus semper interdum mauris ullamcorper purus sit
Data Coordiator,magna ac consequat metus sapien ut nunc vestibulum ante ipsum primis in faucibus orci luctus
Automation Specialist II,dignissim vestibulum vestibulum ante ipsum primis in faucibus orci luctus et ultrices posuere cubilia curae nulla dapibus dolor vel est donec odio justo sollicitudin ut suscipit a feugiat
Senior Sales Associate,neque sapien placerat ante nulla justo aliquam quis turpis eget elit sodales scelerisque mauris sit amet eros suspendisse accumsan tortor quis turpis sed ante vivamus tortor duis
Analog Circuit Design manager,vitae nisl aenean lectus pellentesque eget nunc donec quis orci eget orci vehicula condimentum curabitur in
Account Coordinator,in libero ut massa volutpat convallis morbi odio odio elementum
Teacher,duis consequat dui nec nisi volutpat eleifend donec ut dolor morbi vel
Occupational Therapist,magna vulputate luctus cum sociis natoque penatibus et magnis dis parturient montes nascetur ridiculus mus vivamus vestibulum sagittis sapien cum sociis natoque
Analyst Programmer,maecenas leo odio condimentum id luctus nec molestie sed justo pellentesque viverra pede ac diam cras pellentesque volutpat dui maecenas tristique est et tempus semper est quam pharetra
VP Accounting,massa donec dapibus duis at velit eu est congue elementum in hac habitasse platea dictumst morbi vestibulum velit id pretium iaculis diam erat fermentum justo nec condimentum neque sapien
Statistician IV,vivamus vestibulum sagittis sapien cum sociis natoque penatibus et magnis dis parturient montes nascetur ridiculus mus
Quality Engineer,congue vivamus metus arcu adipiscing molestie hendrerit at vulputate vitae
Speech Pathologist,tempus vel pede morbi porttitor lorem id ligula suspendisse ornare consequat lectus in est risus auctor sed tristique in
Staff Scientist,quam nec dui luctus rutrum nulla tellus in sagittis dui vel nisl duis ac nibh fusce lacus purus aliquet at feugiat non pretium quis lectus suspendisse potenti
Computer Systems Analyst IV,ligula vehicula consequat morbi a ipsum integer a nibh in quis justo maecenas rhoncus aliquam lacus morbi quis tortor id nulla ultrices aliquet maecenas leo odio condimentum id luctus
Cost Accountant,curae duis faucibus accumsan odio curabitur convallis duis consequat dui nec nisi volutpat eleifend donec ut dolor morbi vel lectus in quam fringilla rhoncus
Marketing Assistant,augue vel accumsan tellus nisi eu orci mauris lacinia sapien quis libero nullam sit amet turpis elementum ligula vehicula consequat morbi a ipsum integer a nibh
Programmer I,donec pharetra magna vestibulum aliquet ultrices erat tortor sollicitudin mi sit amet lobortis sapien sapien non mi integer ac neque duis bibendum morbi non quam
Research Associate,tortor quis turpis sed ante vivamus tortor duis mattis egestas metus
Financial Analyst,elementum eu interdum eu tincidunt in leo maecenas pulvinar lobortis est phasellus sit amet erat nulla
Safety Technician IV,praesent blandit lacinia erat vestibulum sed magna at nunc commodo placerat praesent blandit nam nulla integer pede justo lacinia
Compensation Analyst,sociis natoque penatibus et magnis dis parturient montes nascetur ridiculus mus etiam vel augue vestibulum rutrum rutrum neque aenean auctor gravida sem praesent id massa id
Research Assistant III,porttitor lacus at turpis donec posuere metus vitae ipsum aliquam non mauris morbi non lectus aliquam sit amet diam in magna bibendum imperdiet nullam orci pede venenatis non
Budget/Accounting Analyst I,nulla facilisi cras non velit nec nisi vulputate nonummy maecenas tincidunt lacus at velit vivamus vel nulla eget eros elementum pellentesque quisque porta volutpat
Analog Circuit Design manager,bibendum morbi non quam nec dui luctus rutrum nulla tellus in sagittis dui vel nisl duis ac nibh fusce lacus purus aliquet at feugiat non
Compensation Analyst,adipiscing elit proin interdum mauris non ligula pellentesque ultrices phasellus id sapien in sapien iaculis congue vivamus metus arcu adipiscing molestie hendrerit at vulputate
Quality Control Specialist,sapien dignissim vestibulum vestibulum ante ipsum primis in faucibus orci luctus et ultrices posuere cubilia curae nulla dapibus dolor vel est donec odio justo sollicitudin ut suscipit
Office Assistant IV,nisi at nibh in hac habitasse platea dictumst aliquam augue quam sollicitudin vitae consectetuer eget
Media Manager I,sit amet sem fusce consequat nulla nisl nunc nisl duis bibendum felis sed interdum venenatis turpis enim blandit mi in porttitor
Senior Financial Analyst,proin leo odio porttitor id consequat in consequat ut nulla sed accumsan felis ut at dolor quis
Marketing Assistant,ultrices posuere cubilia curae nulla dapibus dolor vel est donec odio justo sollicitudin ut suscipit a feugiat et eros vestibulum ac est lacinia nisi venenatis tristique fusce congue diam id
Chief Design Engineer,et magnis dis parturient montes nascetur ridiculus mus vivamus vestibulum sagittis sapien cum sociis natoque penatibus et magnis dis parturient montes nascetur ridiculus
VP Accounting,platea dictumst aliquam augue quam sollicitudin vitae consectetuer eget rutrum at lorem integer tincidunt ante vel ipsum praesent blandit
VP Accounting,quis turpis sed ante vivamus tortor duis mattis egestas metus aenean fermentum
Community Outreach Specialist,lectus pellentesque at nulla suspendisse potenti cras in purus eu magna vulputate luctus cum sociis natoque penatibus
Design Engineer,feugiat non pretium quis lectus suspendisse potenti in eleifend quam a odio in hac habitasse platea dictumst maecenas ut massa quis augue luctus tincidunt nulla
Executive Secretary,semper est quam pharetra magna ac consequat metus sapien ut nunc vestibulum ante ipsum primis in faucibus orci luctus et ultrices posuere cubilia curae mauris viverra diam
Information Systems Manager,tempor turpis nec euismod scelerisque quam turpis adipiscing lorem vitae mattis nibh
Quality Engineer,in sagittis dui vel nisl duis ac nibh fusce lacus purus aliquet at feugiat non pretium quis
General Manager,tincidunt eget tempus vel pede morbi porttitor lorem id ligula suspendisse ornare consequat lectus in est risus auctor sed tristique in tempus sit amet sem fusce consequat
Structural Analysis Engineer,parturient montes nascetur ridiculus mus vivamus vestibulum sagittis sapien cum sociis natoque penatibus et magnis dis parturient
Tax Accountant,sit amet sapien dignissim vestibulum vestibulum ante ipsum primis in
Electrical Engineer,suscipit ligula in lacus curabitur at ipsum ac tellus semper interdum mauris ullamcorper purus sit amet nulla quisque
Junior Executive,justo pellentesque viverra pede ac diam cras pellentesque volutpat dui maecenas tristique est et tempus semper est quam pharetra magna ac consequat
Quality Control Specialist,lacus at turpis donec posuere metus vitae ipsum aliquam non mauris morbi non lectus aliquam
Cost Accountant,turpis adipiscing lorem vitae mattis nibh ligula nec sem duis aliquam
Structural Analysis Engineer,massa id nisl venenatis lacinia aenean sit amet justo morbi ut odio cras mi pede malesuada in imperdiet et commodo vulputate justo in
Research Associate,sed magna at nunc commodo placerat praesent blandit nam nulla integer pede justo lacinia eget tincidunt eget tempus vel pede morbi porttitor lorem id ligula
Account Coordinator,lorem ipsum dolor sit amet consectetuer adipiscing elit proin interdum mauris non ligula
Compensation Analyst,lorem vitae mattis nibh ligula nec sem duis aliquam convallis nunc proin at turpis
Office Assistant II,ut mauris eget massa tempor convallis nulla neque libero convallis eget eleifend luctus ultricies eu nibh quisque id justo sit amet sapien dignissim vestibulum vestibulum ante
Executive Secretary,montes nascetur ridiculus mus etiam vel augue vestibulum rutrum rutrum neque aenean auctor gravida sem praesent id massa id nisl venenatis lacinia
Community Outreach Specialist,arcu adipiscing molestie hendrerit at vulputate vitae nisl aenean lectus pellentesque eget nunc donec quis orci eget orci vehicula condimentum curabitur in libero ut massa volutpat convallis
Nurse,mauris lacinia sapien quis libero nullam sit amet turpis elementum ligula vehicula consequat
Staff Scientist,odio elementum eu interdum eu tincidunt in leo maecenas pulvinar lobortis est phasellus sit amet erat nulla tempus vivamus in felis eu sapien cursus vestibulum proin eu mi
Business Systems Development Analyst,luctus nec molestie sed justo pellentesque viverra pede ac diam cras pellentesque volutpat dui maecenas tristique est et tempus semper est quam pharetra magna
Associate Professor,ut odio cras mi pede malesuada in imperdiet et commodo vulputate justo in blandit ultrices enim lorem ipsum dolor sit amet consectetuer adipiscing elit proin
Computer Systems Analyst III,nisi venenatis tristique fusce congue diam id ornare imperdiet sapien urna pretium nisl ut volutpat sapien arcu sed augue aliquam erat volutpat in congue etiam justo etiam
Human Resources Manager,lorem quisque ut erat curabitur gravida nisi at nibh in hac habitasse platea dictumst aliquam augue quam
Assistant Professor,ridiculus mus vivamus vestibulum sagittis sapien cum sociis natoque penatibus et magnis dis parturient montes nascetur ridiculus mus etiam vel augue vestibulum rutrum rutrum neque
Analog Circuit Design manager,accumsan tortor quis turpis sed ante vivamus tortor duis mattis egestas metus aenean fermentum donec ut mauris eget massa tempor convallis nulla neque
Tax Accountant,luctus tincidunt nulla mollis molestie lorem quisque ut erat curabitur gravida nisi
Account Coordinator,proin risus praesent lectus vestibulum quam sapien varius ut blandit non interdum in ante vestibulum ante ipsum primis in faucibus orci luctus et ultrices
Social Worker,mi in porttitor pede justo eu massa donec dapibus duis at velit eu est congue elementum in hac habitasse platea dictumst morbi vestibulum velit id pretium iaculis
Geologist III,varius nulla facilisi cras non velit nec nisi vulputate nonummy maecenas
Internal Auditor,adipiscing lorem vitae mattis nibh ligula nec sem duis aliquam convallis nunc proin at turpis
VP Sales,nibh in quis justo maecenas rhoncus aliquam lacus morbi quis tortor id nulla ultrices aliquet maecenas leo odio condimentum id luctus nec molestie
Professor,nibh in hac habitasse platea dictumst aliquam augue quam sollicitudin vitae consectetuer eget
Legal Assistant,luctus et ultrices posuere cubilia curae donec pharetra magna vestibulum aliquet ultrices erat tortor sollicitudin mi sit amet lobortis sapien sapien non mi integer ac neque duis
Sales Associate,adipiscing molestie hendrerit at vulputate vitae nisl aenean lectus pellentesque eget nunc donec quis orci eget orci vehicula condimentum curabitur in libero ut massa volutpat convallis morbi odio
Compensation Analyst,ipsum ac tellus semper interdum mauris ullamcorper purus sit amet nulla quisque arcu libero rutrum ac lobortis vel dapibus at diam nam
Chief Design Engineer,congue diam id ornare imperdiet sapien urna pretium nisl ut volutpat sapien arcu
Biostatistician I,sit amet eros suspendisse accumsan tortor quis turpis sed ante vivamus tortor duis mattis egestas metus aenean fermentum donec ut
Account Representative IV,imperdiet sapien urna pretium nisl ut volutpat sapien arcu sed augue aliquam erat volutpat in congue etiam justo etiam pretium iaculis justo
Accountant IV,dui vel sem sed sagittis nam congue risus semper porta volutpat quam pede lobortis
Desktop Support Technician,elit ac nulla sed vel enim sit amet nunc viverra dapibus nulla suscipit ligula in lacus curabitur at ipsum
Physical Therapy Assistant,ridiculus mus vivamus vestibulum sagittis sapien cum sociis natoque penatibus
Marketing Manager,nullam varius nulla facilisi cras non velit nec nisi vulputate nonummy maecenas tincidunt lacus at velit vivamus vel nulla eget eros
Dental Hygienist,amet consectetuer adipiscing elit proin risus praesent lectus vestibulum quam sapien varius ut blandit non interdum in ante vestibulum ante
Software Test Engineer II,dolor quis odio consequat varius integer ac leo pellentesque ultrices mattis odio donec vitae nisi nam ultrices libero non mattis pulvinar nulla pede ullamcorper augue a suscipit
Nuclear Power Engineer,pretium iaculis diam erat fermentum justo nec condimentum neque sapien placerat ante nulla justo aliquam quis turpis
Pharmacist,felis donec semper sapien a libero nam dui proin leo odio porttitor id consequat in
Computer Systems Analyst I,ipsum dolor sit amet consectetuer adipiscing elit proin interdum mauris non ligula pellentesque ultrices phasellus id sapien in sapien iaculis congue vivamus metus arcu
Account Coordinator,proin interdum mauris non ligula pellentesque ultrices phasellus id sapien in sapien iaculis congue vivamus metus arcu
Actuary,semper rutrum nulla nunc purus phasellus in felis donec semper sapien a libero nam dui proin leo odio porttitor id consequat in consequat ut nulla sed accumsan
Dental Hygienist,vehicula consequat morbi a ipsum integer a nibh in quis
Assistant Professor,nisl aenean lectus pellentesque eget nunc donec quis orci eget orci vehicula condimentum curabitur in libero ut massa volutpat convallis morbi odio
Administrative Officer,in hac habitasse platea dictumst maecenas ut massa quis augue luctus tincidunt
Programmer IV,dictumst maecenas ut massa quis augue luctus tincidunt nulla mollis molestie lorem quisque ut erat curabitur gravida
VP Accounting,suspendisse accumsan tortor quis turpis sed ante vivamus tortor duis mattis egestas metus aenean fermentum donec ut mauris eget massa tempor convallis nulla neque
Senior Editor,primis in faucibus orci luctus et ultrices posuere cubilia curae nulla dapibus dolor vel est donec odio justo
Business Systems Development Analyst,fusce posuere felis sed lacus morbi sem mauris laoreet ut rhoncus aliquet pulvinar sed nisl nunc rhoncus dui vel sem sed sagittis nam
VP Sales,donec ut mauris eget massa tempor convallis nulla neque libero convallis eget eleifend luctus ultricies eu nibh quisque id justo
Senior Financial Analyst,aliquet pulvinar sed nisl nunc rhoncus dui vel sem sed
Compensation Analyst,in tempor turpis nec euismod scelerisque quam turpis adipiscing lorem vitae mattis nibh ligula
VP Accounting,diam erat fermentum justo nec condimentum neque sapien placerat ante nulla justo aliquam quis
Office Assistant III,in libero ut massa volutpat convallis morbi odio odio elementum eu interdum eu tincidunt in leo maecenas pulvinar lobortis est phasellus sit amet erat nulla tempus vivamus in
Internal Auditor,mauris morbi non lectus aliquam sit amet diam in magna bibendum imperdiet nullam orci pede venenatis
Assistant Media Planner,suscipit nulla elit ac nulla sed vel enim sit amet nunc viverra dapibus nulla suscipit
Office Assistant III,nam nulla integer pede justo lacinia eget tincidunt eget tempus vel pede morbi porttitor lorem id ligula suspendisse ornare consequat lectus in est risus auctor
Software Test Engineer III,convallis eget eleifend luctus ultricies eu nibh quisque id justo sit amet sapien dignissim vestibulum vestibulum ante ipsum primis in faucibus orci
Developer IV,tristique fusce congue diam id ornare imperdiet sapien urna pretium nisl ut volutpat sapien arcu sed augue aliquam erat volutpat in congue etiam justo etiam pretium iaculis justo in
Dental Hygienist,et ultrices posuere cubilia curae nulla dapibus dolor vel est donec odio justo sollicitudin ut suscipit a feugiat et eros vestibulum ac est lacinia nisi venenatis tristique fusce congue
Junior Executive,mauris vulputate elementum nullam varius nulla facilisi cras non velit nec nisi vulputate
Human Resources Assistant III,vitae consectetuer eget rutrum at lorem integer tincidunt ante vel ipsum praesent blandit lacinia erat vestibulum sed magna at
Chief Design Engineer,luctus et ultrices posuere cubilia curae nulla dapibus dolor vel est donec odio justo
Cost Accountant,nibh in hac habitasse platea dictumst aliquam augue quam sollicitudin vitae consectetuer eget rutrum at
Staff Accountant I,nulla suspendisse potenti cras in purus eu magna vulputate luctus cum sociis natoque
Desktop Support Technician,convallis nulla neque libero convallis eget eleifend luctus ultricies eu nibh quisque id justo sit amet sapien dignissim vestibulum
Mechanical Systems Engineer,vel ipsum praesent blandit lacinia erat vestibulum sed magna at nunc commodo placerat praesent blandit nam nulla integer pede justo lacinia eget tincidunt
Librarian,vestibulum aliquet ultrices erat tortor sollicitudin mi sit amet lobortis sapien sapien non mi integer ac neque duis bibendum morbi non quam nec dui luctus rutrum nulla
Editor,sapien urna pretium nisl ut volutpat sapien arcu sed augue aliquam erat volutpat in congue etiam justo etiam pretium iaculis justo in
Environmental Tech,nibh ligula nec sem duis aliquam convallis nunc proin at turpis a
Registered Nurse,consequat in consequat ut nulla sed accumsan felis ut at dolor quis odio
Statistician IV,justo maecenas rhoncus aliquam lacus morbi quis tortor id nulla ultrices aliquet maecenas leo odio condimentum id luctus nec molestie sed
Assistant Media Planner,vel accumsan tellus nisi eu orci mauris lacinia sapien quis libero nullam sit amet turpis
Sales Associate,vitae consectetuer eget rutrum at lorem integer tincidunt ante vel ipsum praesent blandit lacinia erat vestibulum sed magna at nunc
Structural Analysis Engineer,mi nulla ac enim in tempor turpis nec euismod scelerisque quam turpis adipiscing lorem vitae mattis nibh ligula nec sem duis aliquam convallis
Social Worker,ac consequat metus sapien ut nunc vestibulum ante ipsum primis in faucibus orci luctus et ultrices
Systems Administrator IV,in faucibus orci luctus et ultrices posuere cubilia curae duis faucibus accumsan odio curabitur convallis
Structural Analysis Engineer,quis lectus suspendisse potenti in eleifend quam a odio in hac habitasse platea dictumst maecenas ut massa quis augue luctus tincidunt nulla mollis molestie lorem quisque ut erat curabitur gravida
Tax Accountant,lobortis ligula sit amet eleifend pede libero quis orci nullam molestie nibh
Editor,fermentum justo nec condimentum neque sapien placerat ante nulla justo aliquam quis turpis eget elit sodales scelerisque mauris sit amet eros suspendisse
VP Marketing,elit proin risus praesent lectus vestibulum quam sapien varius ut blandit non interdum in ante vestibulum ante ipsum primis in faucibus orci luctus et ultrices posuere
Junior Executive,erat tortor sollicitudin mi sit amet lobortis sapien sapien non mi integer ac neque duis bibendum
Design Engineer,curabitur in libero ut massa volutpat convallis morbi odio odio elementum eu interdum eu tincidunt
Graphic Designer,id nulla ultrices aliquet maecenas leo odio condimentum id luctus nec molestie sed justo pellentesque viverra pede ac diam cras pellentesque volutpat dui
Programmer Analyst II,sapien iaculis congue vivamus metus arcu adipiscing molestie hendrerit at vulputate vitae nisl aenean lectus pellentesque eget
Occupational Therapist,ante nulla justo aliquam quis turpis eget elit sodales scelerisque mauris sit amet eros suspendisse accumsan tortor quis
Software Engineer II,cubilia curae mauris viverra diam vitae quam suspendisse potenti nullam porttitor lacus at turpis donec posuere metus vitae ipsum aliquam non mauris morbi non lectus aliquam sit amet
Executive Secretary,id nulla ultrices aliquet maecenas leo odio condimentum id luctus nec molestie sed justo pellentesque viverra pede ac diam cras pellentesque volutpat dui maecenas tristique est
Human Resources Manager,lacinia aenean sit amet justo morbi ut odio cras mi pede malesuada in imperdiet et commodo
Compensation Analyst,molestie sed justo pellentesque viverra pede ac diam cras pellentesque volutpat dui maecenas tristique est et tempus semper est quam pharetra magna ac consequat metus sapien ut nunc vestibulum
Executive Secretary,suscipit ligula in lacus curabitur at ipsum ac tellus semper interdum mauris ullamcorper purus sit amet nulla quisque
Analog Circuit Design manager,tincidunt lacus at velit vivamus vel nulla eget eros elementum pellentesque quisque porta volutpat erat quisque erat eros
Operator,montes nascetur ridiculus mus vivamus vestibulum sagittis sapien cum sociis natoque
Civil Engineer,sociis natoque penatibus et magnis dis parturient montes nascetur ridiculus
Tax Accountant,dictumst aliquam augue quam sollicitudin vitae consectetuer eget rutrum at lorem integer tincidunt
Chemical Engineer,leo pellentesque ultrices mattis odio donec vitae nisi nam ultrices libero non mattis pulvinar nulla pede ullamcorper augue a suscipit nulla elit ac nulla
Office Assistant II,lectus aliquam sit amet diam in magna bibendum imperdiet nullam orci pede venenatis non sodales sed
Occupational Therapist,metus vitae ipsum aliquam non mauris morbi non lectus aliquam sit amet diam in magna bibendum imperdiet
Safety Technician IV,lorem id ligula suspendisse ornare consequat lectus in est risus auctor sed tristique in tempus sit amet sem fusce consequat nulla nisl nunc
Analyst Programmer,hac habitasse platea dictumst aliquam augue quam sollicitudin vitae consectetuer eget rutrum at lorem
Sales Associate,metus arcu adipiscing molestie hendrerit at vulputate vitae nisl aenean lectus pellentesque eget nunc donec quis orci eget orci vehicula condimentum curabitur in libero ut
Executive Secretary,pede ullamcorper augue a suscipit nulla elit ac nulla sed vel enim sit amet nunc viverra dapibus
Assistant Manager,nulla sed accumsan felis ut at dolor quis odio consequat varius integer ac leo pellentesque ultrices mattis odio donec vitae nisi nam ultrices libero non mattis pulvinar nulla pede ullamcorper
Payment Adjustment Coordinator,accumsan tellus nisi eu orci mauris lacinia sapien quis libero nullam sit amet turpis elementum ligula vehicula consequat
Health Coach IV,tempus vel pede morbi porttitor lorem id ligula suspendisse ornare consequat lectus in est risus auctor sed tristique in tempus sit amet sem fusce consequat nulla nisl nunc
Programmer Analyst III,porttitor lacus at turpis donec posuere metus vitae ipsum aliquam non mauris morbi non lectus aliquam sit amet diam in magna bibendum imperdiet nullam orci pede venenatis non sodales
Paralegal,aliquam sit amet diam in magna bibendum imperdiet nullam orci pede venenatis non sodales sed tincidunt eu felis fusce posuere felis sed lacus morbi sem
Chief Design Engineer,accumsan tortor quis turpis sed ante vivamus tortor duis mattis
Computer Systems Analyst II,lobortis ligula sit amet eleifend pede libero quis orci nullam molestie nibh in lectus pellentesque at nulla suspendisse potenti cras in purus eu magna vulputate
Analyst Programmer,rutrum nulla tellus in sagittis dui vel nisl duis ac nibh fusce
Geologist III,vestibulum sagittis sapien cum sociis natoque penatibus et magnis dis parturient montes nascetur ridiculus mus etiam vel augue vestibulum rutrum rutrum neque aenean
Assistant Media Planner,sit amet consectetuer adipiscing elit proin risus praesent lectus vestibulum quam sapien varius ut blandit non interdum in ante vestibulum ante ipsum primis in faucibus orci luctus et
Cost Accountant,porttitor id consequat in consequat ut nulla sed accumsan felis ut at dolor quis odio consequat varius integer ac leo pellentesque ultrices mattis odio donec
Safety Technician I,nulla nunc purus phasellus in felis donec semper sapien a libero nam dui proin leo odio porttitor id consequat in consequat ut nulla sed accumsan felis ut at dolor
Compensation Analyst,nulla integer pede justo lacinia eget tincidunt eget tempus vel pede morbi porttitor lorem id ligula suspendisse ornare consequat lectus
Physical Therapy Assistant,in hac habitasse platea dictumst morbi vestibulum velit id pretium iaculis diam erat fermentum justo nec condimentum neque sapien placerat ante nulla justo aliquam quis turpis
Recruiter,ac neque duis bibendum morbi non quam nec dui luctus rutrum nulla tellus in sagittis dui vel nisl duis
Automation Specialist IV,venenatis lacinia aenean sit amet justo morbi ut odio cras mi pede malesuada in imperdiet et commodo vulputate justo in blandit ultrices enim lorem ipsum dolor sit amet consectetuer
Geologist I,blandit non interdum in ante vestibulum ante ipsum primis in faucibus orci luctus et ultrices posuere cubilia curae
Engineer IV,porttitor lorem id ligula suspendisse ornare consequat lectus in est risus auctor sed tristique in tempus
Senior Financial Analyst,donec dapibus duis at velit eu est congue elementum in hac habitasse platea dictumst morbi vestibulum velit id pretium iaculis diam erat fermentum justo nec condimentum neque
Financial Advisor,convallis nulla neque libero convallis eget eleifend luctus ultricies eu nibh quisque id justo sit amet sapien dignissim vestibulum vestibulum
Compensation Analyst,turpis integer aliquet massa id lobortis convallis tortor risus dapibus augue vel accumsan tellus nisi eu orci mauris lacinia sapien quis libero nullam sit amet turpis elementum
Recruiter,turpis integer aliquet massa id lobortis convallis tortor risus dapibus augue vel accumsan tellus nisi eu orci mauris lacinia sapien quis
Senior Cost Accountant,quis libero nullam sit amet turpis elementum ligula vehicula consequat morbi a ipsum integer a nibh in quis justo maecenas rhoncus aliquam lacus morbi quis tortor
Automation Specialist IV,vestibulum ac est lacinia nisi venenatis tristique fusce congue diam id ornare imperdiet sapien urna
Social Worker,vulputate ut ultrices vel augue vestibulum ante ipsum primis in faucibus orci luctus et ultrices posuere cubilia curae donec pharetra magna vestibulum aliquet ultrices erat tortor sollicitudin mi sit amet
Database Administrator I,nunc commodo placerat praesent blandit nam nulla integer pede justo lacinia eget tincidunt eget tempus vel pede morbi porttitor lorem
Director of Sales,lectus pellentesque eget nunc donec quis orci eget orci vehicula condimentum curabitur in libero ut massa volutpat convallis morbi odio
Environmental Tech,blandit ultrices enim lorem ipsum dolor sit amet consectetuer adipiscing
Senior Editor,lorem quisque ut erat curabitur gravida nisi at nibh in
Assistant Media Planner,etiam vel augue vestibulum rutrum rutrum neque aenean auctor gravida sem praesent id massa id nisl venenatis lacinia aenean sit amet justo morbi ut odio
Information Systems Manager,condimentum id luctus nec molestie sed justo pellentesque viverra pede ac diam cras pellentesque volutpat dui maecenas tristique est et tempus semper est quam
Director of Sales,odio in hac habitasse platea dictumst maecenas ut massa quis augue luctus tincidunt nulla mollis molestie lorem quisque ut erat curabitur gravida nisi at
Data Coordiator,elit proin risus praesent lectus vestibulum quam sapien varius ut blandit non interdum in ante vestibulum ante ipsum primis in faucibus orci luctus et ultrices posuere cubilia curae duis faucibus
Business Systems Development Analyst,cubilia curae duis faucibus accumsan odio curabitur convallis duis consequat dui nec nisi volutpat eleifend donec ut dolor morbi vel lectus in quam fringilla
Design Engineer,vehicula consequat morbi a ipsum integer a nibh in quis justo maecenas rhoncus aliquam lacus morbi quis tortor id nulla ultrices aliquet maecenas leo odio condimentum id luctus nec molestie
Biostatistician I,nisl duis ac nibh fusce lacus purus aliquet at feugiat non pretium quis lectus suspendisse potenti in eleifend quam a odio in hac habitasse platea dictumst maecenas ut massa
Information Systems Manager,velit id pretium iaculis diam erat fermentum justo nec condimentum neque sapien placerat ante nulla justo aliquam quis turpis eget elit sodales scelerisque mauris sit amet
Mechanical Systems Engineer,in sagittis dui vel nisl duis ac nibh fusce lacus
Executive Secretary,felis sed interdum venenatis turpis enim blandit mi in porttitor pede justo eu massa donec dapibus duis at velit eu est congue elementum in hac habitasse platea dictumst
Physical Therapy Assistant,sed tristique in tempus sit amet sem fusce consequat nulla
Senior Cost Accountant,a pede posuere nonummy integer non velit donec diam neque vestibulum eget vulputate ut ultrices vel augue vestibulum ante ipsum primis in faucibus orci luctus et ultrices posuere
Electrical Engineer,non mattis pulvinar nulla pede ullamcorper augue a suscipit nulla elit ac nulla sed vel
Web Developer IV,hac habitasse platea dictumst etiam faucibus cursus urna ut tellus nulla ut erat id mauris vulputate elementum nullam varius nulla facilisi cras non velit
Developer IV,sit amet consectetuer adipiscing elit proin risus praesent lectus vestibulum quam sapien varius ut blandit non interdum in ante vestibulum ante ipsum primis in faucibus orci
Analog Circuit Design manager,vestibulum ante ipsum primis in faucibus orci luctus et ultrices posuere cubilia curae mauris viverra diam vitae quam suspendisse potenti nullam porttitor lacus at turpis donec posuere metus vitae ipsum
Senior Quality Engineer,ipsum primis in faucibus orci luctus et ultrices posuere cubilia curae mauris viverra diam vitae
Editor,consequat morbi a ipsum integer a nibh in quis justo maecenas rhoncus aliquam lacus morbi quis tortor id nulla ultrices aliquet maecenas leo odio condimentum id luctus nec molestie sed
Administrative Assistant I,non lectus aliquam sit amet diam in magna bibendum imperdiet nullam orci pede venenatis non sodales sed tincidunt eu felis fusce posuere felis sed lacus morbi
Librarian,volutpat erat quisque erat eros viverra eget congue eget semper rutrum nulla nunc purus phasellus in felis donec semper sapien a libero nam dui proin leo odio porttitor id
Mechanical Systems Engineer,venenatis lacinia aenean sit amet justo morbi ut odio cras mi pede malesuada in imperdiet et commodo vulputate justo in
Software Test Engineer III,vehicula consequat morbi a ipsum integer a nibh in quis justo maecenas rhoncus aliquam lacus morbi quis tortor id nulla ultrices aliquet maecenas leo odio
Nuclear Power Engineer,volutpat sapien arcu sed augue aliquam erat volutpat in congue etiam justo etiam pretium iaculis justo in hac habitasse platea dictumst etiam faucibus cursus urna ut tellus nulla
Quality Control Specialist,in felis donec semper sapien a libero nam dui proin leo odio porttitor
Pharmacist,velit vivamus vel nulla eget eros elementum pellentesque quisque porta volutpat erat quisque erat eros viverra eget congue eget semper
Human Resources Manager,dictumst maecenas ut massa quis augue luctus tincidunt nulla mollis molestie lorem quisque ut erat curabitur gravida nisi at nibh in hac habitasse platea dictumst aliquam augue quam sollicitudin vitae
Clinical Specialist,pede venenatis non sodales sed tincidunt eu felis fusce posuere felis sed lacus morbi sem mauris laoreet
Product Engineer,dictumst maecenas ut massa quis augue luctus tincidunt nulla mollis molestie lorem quisque ut erat curabitur gravida nisi at nibh in
Quality Control Specialist,nulla dapibus dolor vel est donec odio justo sollicitudin ut suscipit a feugiat et eros vestibulum ac est lacinia nisi venenatis tristique fusce congue diam id ornare imperdiet sapien
Account Executive,pharetra magna ac consequat metus sapien ut nunc vestibulum ante ipsum
Desktop Support Technician,sit amet eros suspendisse accumsan tortor quis turpis sed ante vivamus tortor duis mattis egestas metus
Compensation Analyst,ac nibh fusce lacus purus aliquet at feugiat non pretium quis lectus suspendisse
Analog Circuit Design manager,metus sapien ut nunc vestibulum ante ipsum primis in faucibus orci luctus et
Media Manager II,praesent blandit nam nulla integer pede justo lacinia eget tincidunt eget tempus vel pede morbi
Web Developer II,sollicitudin vitae consectetuer eget rutrum at lorem integer tincidunt ante vel ipsum praesent blandit lacinia
Librarian,quisque erat eros viverra eget congue eget semper rutrum nulla nunc purus phasellus in felis donec semper
Chief Design Engineer,risus semper porta volutpat quam pede lobortis ligula sit amet eleifend
Software Test Engineer I,adipiscing molestie hendrerit at vulputate vitae nisl aenean lectus pellentesque eget nunc donec quis orci eget orci vehicula condimentum curabitur in libero
Payment Adjustment Coordinator,luctus et ultrices posuere cubilia curae donec pharetra magna vestibulum aliquet ultrices erat tortor sollicitudin
Executive Secretary,penatibus et magnis dis parturient montes nascetur ridiculus mus vivamus vestibulum sagittis sapien cum sociis natoque penatibus et magnis dis parturient montes nascetur
Software Engineer I,ridiculus mus etiam vel augue vestibulum rutrum rutrum neque aenean auctor
Marketing Manager,pellentesque ultrices phasellus id sapien in sapien iaculis congue vivamus metus arcu adipiscing molestie hendrerit at vulputate vitae
Systems Administrator II,cursus urna ut tellus nulla ut erat id mauris vulputate elementum nullam varius nulla
VP Product Management,non sodales sed tincidunt eu felis fusce posuere felis sed lacus morbi sem mauris laoreet ut rhoncus aliquet pulvinar
Administrative Assistant I,integer ac neque duis bibendum morbi non quam nec dui luctus rutrum nulla tellus in sagittis dui
Speech Pathologist,facilisi cras non velit nec nisi vulputate nonummy maecenas tincidunt
Cost Accountant,turpis a pede posuere nonummy integer non velit donec diam neque vestibulum
Operator,tincidunt eget tempus vel pede morbi porttitor lorem id ligula suspendisse ornare consequat lectus in est risus auctor sed tristique in tempus sit amet sem fusce consequat nulla nisl
Senior Editor,sed justo pellentesque viverra pede ac diam cras pellentesque volutpat dui maecenas tristique est et tempus
Operator,vestibulum ante ipsum primis in faucibus orci luctus et ultrices posuere cubilia curae donec pharetra magna vestibulum aliquet ultrices erat tortor sollicitudin mi
Senior Developer,ac leo pellentesque ultrices mattis odio donec vitae nisi nam ultrices libero non
Analyst Programmer,nec nisi volutpat eleifend donec ut dolor morbi vel lectus in quam fringilla rhoncus mauris enim leo rhoncus sed vestibulum
Research Assistant IV,commodo placerat praesent blandit nam nulla integer pede justo lacinia eget tincidunt eget tempus vel pede morbi porttitor
Executive Secretary,quisque ut erat curabitur gravida nisi at nibh in hac habitasse platea
Senior Financial Analyst,tortor quis turpis sed ante vivamus tortor duis mattis egestas
Environmental Specialist,vestibulum eget vulputate ut ultrices vel augue vestibulum ante ipsum primis in faucibus
Accounting Assistant II,orci luctus et ultrices posuere cubilia curae donec pharetra magna vestibulum aliquet ultrices erat tortor sollicitudin mi sit amet lobortis sapien sapien non mi integer ac neque duis bibendum morbi
Community Outreach Specialist,ut volutpat sapien arcu sed augue aliquam erat volutpat in congue etiam justo etiam pretium iaculis justo in hac habitasse platea dictumst etiam faucibus cursus urna ut tellus nulla ut
Account Executive,nam nulla integer pede justo lacinia eget tincidunt eget tempus vel pede morbi porttitor lorem id ligula suspendisse ornare consequat lectus in est risus auctor sed
Junior Executive,ornare imperdiet sapien urna pretium nisl ut volutpat sapien arcu sed augue aliquam erat volutpat in congue
General Manager,blandit non interdum in ante vestibulum ante ipsum primis in faucibus orci luctus et ultrices posuere cubilia curae duis faucibus accumsan odio curabitur convallis
VP Marketing,eleifend quam a odio in hac habitasse platea dictumst maecenas ut massa quis augue luctus tincidunt nulla mollis molestie lorem
Database Administrator I,id lobortis convallis tortor risus dapibus augue vel accumsan tellus
Business Systems Development Analyst,nam ultrices libero non mattis pulvinar nulla pede ullamcorper augue a suscipit nulla elit ac nulla sed vel enim sit amet nunc
Quality Engineer,odio consequat varius integer ac leo pellentesque ultrices mattis odio donec vitae nisi nam ultrices libero
Developer I,odio condimentum id luctus nec molestie sed justo pellentesque viverra pede ac diam cras pellentesque volutpat dui maecenas tristique est et tempus semper est quam pharetra magna ac
Senior Sales Associate,orci luctus et ultrices posuere cubilia curae mauris viverra diam vitae quam suspendisse potenti nullam porttitor lacus at turpis donec posuere metus vitae
Software Consultant,leo odio porttitor id consequat in consequat ut nulla sed accumsan felis ut at dolor quis odio
Data Coordiator,mi nulla ac enim in tempor turpis nec euismod scelerisque quam turpis adipiscing lorem vitae mattis nibh ligula nec sem duis aliquam convallis nunc proin at turpis a
Quality Engineer,congue risus semper porta volutpat quam pede lobortis ligula sit amet eleifend pede libero quis orci
Sales Associate,sagittis nam congue risus semper porta volutpat quam pede lobortis ligula sit amet eleifend
Help Desk Technician,turpis adipiscing lorem vitae mattis nibh ligula nec sem duis aliquam convallis nunc proin at turpis
Financial Analyst,pellentesque volutpat dui maecenas tristique est et tempus semper est quam
Financial Analyst,lectus in est risus auctor sed tristique in tempus sit amet sem fusce consequat nulla
Financial Analyst,ante vestibulum ante ipsum primis in faucibus orci luctus et ultrices posuere cubilia curae duis faucibus accumsan odio curabitur convallis duis consequat dui
Executive Secretary,lectus suspendisse potenti in eleifend quam a odio in hac habitasse platea dictumst maecenas ut massa quis augue luctus tincidunt
Paralegal,pulvinar lobortis est phasellus sit amet erat nulla tempus vivamus
Chemical Engineer,amet sem fusce consequat nulla nisl nunc nisl duis bibendum felis sed interdum venenatis turpis enim blandit mi in porttitor pede justo eu massa donec dapibus duis
Project Manager,parturient montes nascetur ridiculus mus vivamus vestibulum sagittis sapien cum sociis natoque penatibus et magnis dis parturient
Data Coordiator,elementum nullam varius nulla facilisi cras non velit nec nisi vulputate
Web Developer IV,neque vestibulum eget vulputate ut ultrices vel augue vestibulum ante ipsum primis in faucibus orci
Recruiting Manager,tortor duis mattis egestas metus aenean fermentum donec ut mauris eget massa tempor
Legal Assistant,consectetuer adipiscing elit proin risus praesent lectus vestibulum quam sapien varius ut blandit non interdum in ante vestibulum ante
Data Coordiator,justo pellentesque viverra pede ac diam cras pellentesque volutpat dui maecenas tristique est et tempus semper est quam pharetra magna ac
Clinical Specialist,nonummy integer non velit donec diam neque vestibulum eget vulputate ut ultrices vel augue vestibulum ante ipsum primis in faucibus orci
Financial Analyst,amet turpis elementum ligula vehicula consequat morbi a ipsum integer a nibh
Environmental Specialist,nibh ligula nec sem duis aliquam convallis nunc proin at turpis a pede posuere nonummy integer non velit donec diam
Media Manager IV,amet diam in magna bibendum imperdiet nullam orci pede venenatis non sodales sed tincidunt eu felis fusce posuere felis sed
Assistant Manager,orci vehicula condimentum curabitur in libero ut massa volutpat convallis morbi odio odio elementum eu interdum eu tincidunt in leo maecenas pulvinar lobortis est
Community Outreach Specialist,amet sapien dignissim vestibulum vestibulum ante ipsum primis in faucibus orci luctus et ultrices posuere cubilia
Assistant Media Planner,tempor turpis nec euismod scelerisque quam turpis adipiscing lorem vitae mattis nibh ligula nec
Community Outreach Specialist,mattis odio donec vitae nisi nam ultrices libero non mattis pulvinar nulla pede ullamcorper augue a suscipit nulla elit ac nulla sed vel enim
Software Consultant,auctor gravida sem praesent id massa id nisl venenatis lacinia aenean sit amet justo morbi ut odio cras mi pede malesuada in imperdiet et commodo vulputate justo in blandit ultrices
Assistant Manager,ac neque duis bibendum morbi non quam nec dui luctus rutrum nulla tellus in sagittis dui vel nisl duis ac nibh fusce lacus purus aliquet
Junior Executive,quis orci nullam molestie nibh in lectus pellentesque at nulla suspendisse potenti cras in purus eu magna vulputate
VP Sales,nibh ligula nec sem duis aliquam convallis nunc proin at turpis
Recruiter,praesent lectus vestibulum quam sapien varius ut blandit non interdum in ante vestibulum ante ipsum primis in faucibus orci luctus et ultrices
Librarian,pede malesuada in imperdiet et commodo vulputate justo in blandit ultrices enim lorem ipsum dolor
Analyst Programmer,non sodales sed tincidunt eu felis fusce posuere felis sed lacus morbi sem mauris laoreet ut rhoncus
Marketing Manager,tempor turpis nec euismod scelerisque quam turpis adipiscing lorem vitae mattis nibh
Analyst Programmer,justo in blandit ultrices enim lorem ipsum dolor sit amet consectetuer adipiscing elit proin interdum mauris non
Graphic Designer,eu sapien cursus vestibulum proin eu mi nulla ac enim in tempor turpis nec euismod scelerisque quam turpis adipiscing lorem vitae mattis nibh ligula nec sem duis
Environmental Tech,sagittis sapien cum sociis natoque penatibus et magnis dis parturient montes nascetur ridiculus mus etiam
Business Systems Development Analyst,ut at dolor quis odio consequat varius integer ac leo pellentesque ultrices mattis odio donec vitae nisi nam ultrices libero non mattis pulvinar nulla pede
Sales Representative,primis in faucibus orci luctus et ultrices posuere cubilia curae donec pharetra magna vestibulum aliquet ultrices erat tortor sollicitudin mi sit amet lobortis
VP Product Management,augue luctus tincidunt nulla mollis molestie lorem quisque ut erat curabitur gravida nisi at nibh in hac habitasse platea dictumst aliquam augue quam sollicitudin vitae consectetuer eget rutrum at
Software Consultant,id justo sit amet sapien dignissim vestibulum vestibulum ante ipsum primis in faucibus orci luctus et ultrices posuere cubilia curae nulla dapibus dolor vel est donec odio justo sollicitudin
Software Engineer I,lacinia sapien quis libero nullam sit amet turpis elementum ligula vehicula consequat morbi a ipsum integer a nibh in quis justo maecenas rhoncus aliquam
Marketing Assistant,aliquam non mauris morbi non lectus aliquam sit amet diam in magna bibendum imperdiet nullam orci pede venenatis non sodales sed tincidunt eu felis fusce
Senior Quality Engineer,fusce consequat nulla nisl nunc nisl duis bibendum felis sed interdum venenatis turpis
Technical Writer,vestibulum sagittis sapien cum sociis natoque penatibus et magnis dis parturient
Senior Developer,lorem integer tincidunt ante vel ipsum praesent blandit lacinia erat vestibulum sed magna at nunc commodo placerat praesent blandit nam nulla integer pede justo lacinia eget tincidunt
Account Coordinator,sit amet erat nulla tempus vivamus in felis eu sapien
Assistant Professor,turpis eget elit sodales scelerisque mauris sit amet eros suspendisse accumsan tortor quis turpis sed ante vivamus tortor duis mattis egestas metus
Teacher,felis sed lacus morbi sem mauris laoreet ut rhoncus aliquet pulvinar sed nisl nunc rhoncus dui vel sem sed sagittis nam congue risus semper porta
Chief Design Engineer,erat nulla tempus vivamus in felis eu sapien cursus vestibulum proin eu mi nulla ac enim in tempor turpis nec euismod scelerisque quam turpis adipiscing lorem vitae mattis
Software Consultant,phasellus sit amet erat nulla tempus vivamus in felis eu sapien cursus vestibulum proin eu mi nulla ac
Media Manager III,in faucibus orci luctus et ultrices posuere cubilia curae duis faucibus accumsan odio curabitur convallis duis consequat dui nec nisi volutpat eleifend donec ut
Actuary,eget vulputate ut ultrices vel augue vestibulum ante ipsum primis in faucibus orci luctus et ultrices posuere cubilia curae donec pharetra magna vestibulum aliquet ultrices erat
Programmer I,fermentum donec ut mauris eget massa tempor convallis nulla neque libero convallis eget eleifend luctus ultricies eu
VP Product Management,cras pellentesque volutpat dui maecenas tristique est et tempus semper est quam pharetra magna ac consequat metus sapien ut nunc vestibulum
Geological Engineer,eget tempus vel pede morbi porttitor lorem id ligula suspendisse ornare consequat lectus in est risus auctor
Programmer III,orci vehicula condimentum curabitur in libero ut massa volutpat convallis morbi odio
Sales Associate,nisl duis ac nibh fusce lacus purus aliquet at feugiat non pretium quis lectus suspendisse potenti
Professor,dui maecenas tristique est et tempus semper est quam pharetra magna ac consequat metus sapien ut nunc vestibulum ante ipsum primis in faucibus
Account Representative III,pellentesque viverra pede ac diam cras pellentesque volutpat dui maecenas tristique est et tempus semper est quam pharetra magna
Internal Auditor,tristique fusce congue diam id ornare imperdiet sapien urna pretium nisl ut volutpat sapien arcu sed augue aliquam erat
VP Product Management,posuere cubilia curae mauris viverra diam vitae quam suspendisse potenti nullam porttitor lacus at turpis donec posuere metus vitae ipsum aliquam non mauris morbi non lectus aliquam sit amet
Senior Financial Analyst,semper porta volutpat quam pede lobortis ligula sit amet eleifend pede libero quis orci nullam molestie nibh in lectus pellentesque at nulla suspendisse potenti
Compensation Analyst,amet consectetuer adipiscing elit proin interdum mauris non ligula pellentesque ultrices phasellus id sapien in sapien
Marketing Assistant,bibendum morbi non quam nec dui luctus rutrum nulla tellus in sagittis dui vel nisl
Internal Auditor,donec vitae nisi nam ultrices libero non mattis pulvinar nulla pede ullamcorper augue a suscipit nulla elit ac
Paralegal,neque duis bibendum morbi non quam nec dui luctus rutrum nulla tellus in sagittis dui vel nisl duis
Senior Cost Accountant,curae mauris viverra diam vitae quam suspendisse potenti nullam porttitor lacus
Research Assistant II,velit id pretium iaculis diam erat fermentum justo nec condimentum neque sapien placerat ante nulla justo aliquam quis turpis eget elit sodales scelerisque mauris sit amet eros suspendisse
Research Associate,quis odio consequat varius integer ac leo pellentesque ultrices mattis odio donec vitae nisi nam ultrices libero
Social Worker,quisque porta volutpat erat quisque erat eros viverra eget congue eget semper rutrum
Human Resources Manager,sit amet eleifend pede libero quis orci nullam molestie nibh in lectus pellentesque at nulla suspendisse potenti cras in
Assistant Professor,mattis odio donec vitae nisi nam ultrices libero non mattis pulvinar nulla pede ullamcorper augue a suscipit nulla elit ac nulla sed vel enim sit
VP Accounting,turpis integer aliquet massa id lobortis convallis tortor risus dapibus augue vel accumsan tellus nisi eu orci mauris lacinia sapien quis libero nullam sit amet
Librarian,risus auctor sed tristique in tempus sit amet sem fusce consequat nulla nisl nunc nisl duis bibendum felis sed interdum venenatis turpis enim blandit mi in porttitor pede justo
Programmer Analyst II,risus praesent lectus vestibulum quam sapien varius ut blandit non interdum in ante vestibulum
Analog Circuit Design manager,ut nunc vestibulum ante ipsum primis in faucibus orci luctus et ultrices
Financial Analyst,ultrices posuere cubilia curae donec pharetra magna vestibulum aliquet ultrices erat tortor sollicitudin mi sit
Research Nurse,id ornare imperdiet sapien urna pretium nisl ut volutpat sapien arcu sed augue aliquam erat volutpat in congue etiam justo etiam pretium iaculis justo in hac habitasse platea dictumst
Programmer Analyst I,sit amet nulla quisque arcu libero rutrum ac lobortis vel dapibus at diam nam tristique tortor
Electrical Engineer,elementum eu interdum eu tincidunt in leo maecenas pulvinar lobortis est phasellus sit amet erat nulla tempus vivamus in felis eu sapien cursus vestibulum proin eu mi nulla
Social Worker,sapien iaculis congue vivamus metus arcu adipiscing molestie hendrerit at vulputate vitae nisl aenean
GIS Technical Architect,sed nisl nunc rhoncus dui vel sem sed sagittis nam congue risus semper porta volutpat quam pede lobortis ligula sit amet eleifend pede libero quis orci
Account Representative IV,turpis eget elit sodales scelerisque mauris sit amet eros suspendisse accumsan tortor quis turpis sed ante vivamus tortor duis mattis egestas metus aenean fermentum donec ut mauris eget massa
Cost Accountant,leo pellentesque ultrices mattis odio donec vitae nisi nam ultrices libero non mattis pulvinar nulla pede ullamcorper augue a
Recruiting Manager,nulla ultrices aliquet maecenas leo odio condimentum id luctus nec molestie sed justo pellentesque viverra pede ac
VP Product Management,quam nec dui luctus rutrum nulla tellus in sagittis dui vel
VP Marketing,integer non velit donec diam neque vestibulum eget vulputate ut ultrices vel augue vestibulum ante ipsum primis in faucibus orci luctus et ultrices posuere cubilia
Information Systems Manager,morbi vestibulum velit id pretium iaculis diam erat fermentum justo nec condimentum neque sapien placerat ante nulla justo
Help Desk Technician,lacus at velit vivamus vel nulla eget eros elementum pellentesque quisque porta volutpat erat quisque erat eros viverra eget congue eget semper rutrum nulla nunc purus phasellus in
Recruiter,ut dolor morbi vel lectus in quam fringilla rhoncus mauris enim leo rhoncus sed vestibulum sit amet cursus
Account Coordinator,vivamus vestibulum sagittis sapien cum sociis natoque penatibus et magnis dis parturient montes nascetur ridiculus mus etiam vel augue
Food Chemist,porttitor id consequat in consequat ut nulla sed accumsan felis ut at dolor quis odio consequat varius integer ac leo pellentesque ultrices mattis odio donec vitae nisi
Financial Analyst,volutpat eleifend donec ut dolor morbi vel lectus in quam
Sales Associate,nulla mollis molestie lorem quisque ut erat curabitur gravida nisi at nibh
Human Resources Assistant I,sapien in sapien iaculis congue vivamus metus arcu adipiscing molestie hendrerit at vulputate vitae nisl
Internal Auditor,faucibus orci luctus et ultrices posuere cubilia curae duis faucibus
Senior Quality Engineer,amet lobortis sapien sapien non mi integer ac neque duis bibendum morbi non quam nec dui
Software Test Engineer I,sem praesent id massa id nisl venenatis lacinia aenean sit amet justo morbi ut odio cras mi pede malesuada in imperdiet et commodo vulputate justo in blandit
Developer III,purus eu magna vulputate luctus cum sociis natoque penatibus et magnis dis parturient montes nascetur ridiculus mus vivamus vestibulum sagittis sapien cum
Director of Sales,quam a odio in hac habitasse platea dictumst maecenas ut massa quis
General Manager,lectus aliquam sit amet diam in magna bibendum imperdiet nullam
Biostatistician I,rutrum at lorem integer tincidunt ante vel ipsum praesent blandit lacinia erat vestibulum
Quality Control Specialist,felis eu sapien cursus vestibulum proin eu mi nulla ac
