first_name,last_name,email,gender
Kory,Dionis,kdionis0@hibu.com,Male
Julianna,Downes,jdownes1@rambler.ru,Female
Marve,Balducci,mbalducci2@go.com,Male
Clerissa,Boothby,cboothby3@w3.org,Female
Ugo,Stackbridge,ustackbridge4@jimdo.com,Male
Hercules,Scowen,hscowen5@photobucket.com,Male
Fredi,Tirrell,ftirrell6@addtoany.com,Female
Law,Mainstone,lmainstone7@pinterest.com,Male
Opal,Bikker,obikker8@accuweather.com,Female
Zacharie,Folds,zfolds9@behance.net,Male
Maura,Vigers,mvigersa@boston.com,Female
Jecho,Hawse,jhawseb@si.edu,Male
Kerry,Bernier,kbernierc@bloglines.com,Female
Cheston,Di Pietro,cdipietrod@g.co,Male
Debbi,Crimmins,dcrimminse@google.com.br,Female
Cati,Yakebowitch,cyakebowitchf@yahoo.co.jp,Female
Hasty,Youings,hyouingsg@de.vu,Male
Zebulon,Noel,znoelh@stumbleupon.com,Male
Cristina,Binner,cbinneri@buzzfeed.com,Female
Sharron,Lokier,slokierj@ucsd.edu,Female
Ardra,Drohane,adrohanek@addtoany.com,Female
Phillis,Thomazet,pthomazetl@google.co.uk,Female
Teriann,Munton,tmuntonm@yellowpages.com,Female
Claribel,Broinlich,cbroinlichn@epa.gov,Female
Jasun,Spittles,jspittleso@independent.co.uk,Male
Kandace,Studeart,kstudeartp@hubpages.com,Female
Fedora,Milmore,fmilmoreq@toplist.cz,Female
Helaine,Meineking,hmeinekingr@nsw.gov.au,Female
Gussi,Dany,gdanys@nationalgeographic.com,Female
Sofia,Lathom,slathomt@prlog.org,Female
Derry,Guterson,dgutersonu@cpanel.net,Male
Arliene,Kearns,akearnsv@bing.com,Female
Norbie,McIlmorie,nmcilmoriew@constantcontact.com,Male
Francois,Muncer,fmuncerx@umn.edu,Male
Roi,Dussy,rdussyy@homestead.com,Male
Horacio,Rabbage,hrabbagez@trellian.com,Male
Hy,Shales,hshales10@theatlantic.com,Male
Cookie,Aiers,caiers11@bluehost.com,Female
Teodorico,Monkley,tmonkley12@4shared.com,Male
Nolana,Dietzler,ndietzler13@cbc.ca,Female
Shaina,Limb,slimb14@unicef.org,Female
Gillan,Beaston,gbeaston15@vkontakte.ru,Female
Enoch,Boyda,eboyda16@ucoz.com,Male
Myrta,Le feuvre,mlefeuvre17@amazon.com,Female
Alano,Orme,aorme18@biblegateway.com,Male
Matthus,Mathely,mmathely19@friendfeed.com,Male
Dasya,Shingles,dshingles1a@pbs.org,Female
Aubine,Horrigan,ahorrigan1b@ocn.ne.jp,Female
George,Pendleton,gpendleton1c@cam.ac.uk,Male
Sutton,Bannister,sbannister1d@themeforest.net,Male
Arthur,Shearsby,ashearsby1e@furl.net,Male
Melvin,Aldis,maldis1f@gov.uk,Male
Gabbie,Wibberley,gwibberley1g@w3.org,Male
Cymbre,Iredale,ciredale1h@feedburner.com,Female
Daron,Tippin,dtippin1i@google.com.br,Female
Regina,Bussen,rbussen1j@discovery.com,Female
Ilise,Backsal,ibacksal1k@github.com,Female
Fianna,Dunne,fdunne1l@list-manage.com,Female
Averyl,Wybrow,awybrow1m@twitter.com,Female
Rudolf,Batham,rbatham1n@pbs.org,Male
Coop,Rosterne,crosterne1o@noaa.gov,Male
Marve,Leveridge,mleveridge1p@opera.com,Male
Iorgos,Hatliff,ihatliff1q@guardian.co.uk,Male
Olly,Dobinson,odobinson1r@princeton.edu,Male
Cheslie,Clethro,cclethro1s@163.com,Female
Jo,Capenor,jcapenor1t@acquirethisname.com,Male
Victoir,Hallwood,vhallwood1u@wired.com,Male
Shay,Andries,sandries1v@theguardian.com,Female
Duke,Innis,dinnis1w@shinystat.com,Male
Roth,Wolseley,rwolseley1x@ow.ly,Male
Winnie,Trivett,wtrivett1y@samsung.com,Male
Wat,Riddiough,wriddiough1z@imageshack.us,Male
Nollie,Ledeker,nledeker20@amazon.com,Female
Giulietta,MacMearty,gmacmearty21@cnn.com,Female
Gayla,Coyte,gcoyte22@shareasale.com,Female
Hattie,Calam,hcalam23@wix.com,Female
Magdalena,Pudner,mpudner24@blog.com,Female
Melina,Johananoff,mjohananoff25@reference.com,Female
El,Haggart,ehaggart26@upenn.edu,Male
Tara,Mailey,tmailey27@sciencedaily.com,Female
Andrus,Hynde,ahynde28@imdb.com,Male
Carroll,Instrell,cinstrell29@blinklist.com,Female
Hurleigh,Sotworth,hsotworth2a@ucsd.edu,Male
Domingo,Brazur,dbrazur2b@nih.gov,Male
Staford,Greenfield,sgreenfield2c@storify.com,Male
Leonie,Truscott,ltruscott2d@domainmarket.com,Female
Cirilo,Bispham,cbispham2e@wiley.com,Male
Alejoa,Newall,anewall2f@gmpg.org,Male
Codie,Casbolt,ccasbolt2g@utexas.edu,Female
Grant,Agott,gagott2h@ebay.co.uk,Male
Garner,Scannell,gscannell2i@ifeng.com,Male
Lavena,Tarney,ltarney2j@ca.gov,Female
Hubie,Wixon,hwixon2k@flickr.com,Male
Mikol,Crankshaw,mcrankshaw2l@mit.edu,Male
Corney,Whittlesee,cwhittlesee2m@google.com.br,Male
Richy,Frango,rfrango2n@sciencedaily.com,Male
Court,Bewshea,cbewshea2o@shinystat.com,Male
Terrill,Aspinal,taspinal2p@unicef.org,Male
Tarrah,Brightwell,tbrightwell2q@w3.org,Female
Aurore,Macauley,amacauley2r@weather.com,Female
Drugi,Frisby,dfrisby2s@usnews.com,Male
Sheridan,Vasilchenko,svasilchenko2t@shop-pro.jp,Male
Sandie,Laingmaid,slaingmaid2u@hostgator.com,Female
Clair,Papierz,cpapierz2v@cdbaby.com,Male
Ravi,Itchingham,ritchingham2w@elegantthemes.com,Male
Nadya,Farthin,nfarthin2x@statcounter.com,Female
Elfie,Bazylets,ebazylets2y@dyndns.org,Female
Janeta,Devil,jdevil2z@blogtalkradio.com,Female
Eddie,Rantoul,erantoul30@geocities.jp,Male
Daffi,Choupin,dchoupin31@bloglovin.com,Female
Winona,Skeech,wskeech32@ted.com,Female
Joe,Winslow,jwinslow33@ameblo.jp,Male
Tamera,Anfrey,tanfrey34@intel.com,Female
Phyllys,Coneley,pconeley35@cornell.edu,Female
Thornton,Andriesse,tandriesse36@dell.com,Male
Moll,Bilovsky,mbilovsky37@usatoday.com,Female
Harv,Stronach,hstronach38@privacy.gov.au,Male
Brenda,Twohig,btwohig39@imgur.com,Female
Ethyl,Meth,emeth3a@wikia.com,Female
Rob,Catterill,rcatterill3b@usa.gov,Male
Evanne,Lewtey,elewtey3c@answers.com,Female
Drucy,Beverley,dbeverley3d@angelfire.com,Female
Vaughn,Batchan,vbatchan3e@economist.com,Male
Drugi,Allerton,dallerton3f@reddit.com,Male
Frans,Verrechia,fverrechia3g@hugedomains.com,Male
Isa,Crannach,icrannach3h@prnewswire.com,Female
Agata,Cannon,acannon3i@g.co,Female
Peggi,Yeiles,pyeiles3j@newyorker.com,Female
Allayne,Hearnshaw,ahearnshaw3k@163.com,Male
Sheelagh,Salway,ssalway3l@aol.com,Female
Gustav,Dufty,gdufty3m@slashdot.org,Male
Doralynne,Blackadder,dblackadder3n@wordpress.com,Female
Keith,Bartkiewicz,kbartkiewicz3o@last.fm,Male
Melli,Stallebrass,mstallebrass3p@soup.io,Female
Rice,Yukhov,ryukhov3q@myspace.com,Male
Roz,Halden,rhalden3r@digg.com,Female
Geoffry,Shinn,gshinn3s@weibo.com,Male
Marius,Kropp,mkropp3t@imdb.com,Male
Bartlett,Kevlin,bkevlin3u@wordpress.org,Male
Mikaela,Emblen,memblen3v@cnbc.com,Female
Cloris,Koenraad,ckoenraad3w@mozilla.org,Female
Bernardo,Hosburn,bhosburn3x@youtu.be,Male
Vidovik,Sliney,vsliney3y@addthis.com,Male
Lennard,Gosby,lgosby3z@360.cn,Male
Sherry,Burstowe,sburstowe40@mashable.com,Female
Amalea,Klimko,aklimko41@newsvine.com,Female
Jasmina,Lafflina,jlafflina42@last.fm,Female
Edin,Lamming,elamming43@etsy.com,Female
Kerrie,Chidzoy,kchidzoy44@mapquest.com,Female
Cherianne,Moro,cmoro45@blinklist.com,Female
Patrizio,Redihalgh,predihalgh46@washingtonpost.com,Male
Jenna,Banasiak,jbanasiak47@hao123.com,Female
Kelvin,Rennles,krennles48@macromedia.com,Male
Dexter,Todaro,dtodaro49@xing.com,Male
Andrea,Hadwick,ahadwick4a@nytimes.com,Male
Herc,Lengthorn,hlengthorn4b@buzzfeed.com,Male
Walden,Frazier,wfrazier4c@tuttocitta.it,Male
Roscoe,Fleis,rfleis4d@businessweek.com,Male
Sallyanne,Poge,spoge4e@nytimes.com,Female
Stace,Gaskell,sgaskell4f@naver.com,Female
Tobye,Wannell,twannell4g@stanford.edu,Female
Wendie,Kynaston,wkynaston4h@google.es,Female
Annice,Roglieri,aroglieri4i@addthis.com,Female
Zaneta,Burdell,zburdell4j@livejournal.com,Female
Hermy,Doveston,hdoveston4k@state.gov,Male
Rochella,Muff,rmuff4l@patch.com,Female
Averell,Duffree,aduffree4m@hatena.ne.jp,Male
Phillip,Balaisot,pbalaisot4n@howstuffworks.com,Male
Sally,Hugonet,shugonet4o@huffingtonpost.com,Female
Hildegarde,Du Fray,hdufray4p@census.gov,Female
Francyne,Witcher,fwitcher4q@jiathis.com,Female
Davis,Betchley,dbetchley4r@cisco.com,Male
Jeniffer,Rashleigh,jrashleigh4s@comsenz.com,Female
Fransisco,Rzehor,frzehor4t@slate.com,Male
Stillmann,Marages,smarages4u@home.pl,Male
Sue,Gumley,sgumley4v@youtube.com,Female
Weber,Theyer,wtheyer4w@dedecms.com,Male
Verne,McIlwrath,vmcilwrath4x@yale.edu,Male
Zacharia,Braidon,zbraidon4y@mozilla.org,Male
Jorgan,Heyburn,jheyburn4z@alexa.com,Male
Kissiah,Pancast,kpancast50@google.ca,Female
Lin,Bennell,lbennell51@apple.com,Female
Roshelle,Hasard,rhasard52@vk.com,Female
Gerrie,McKain,gmckain53@topsy.com,Male
Octavia,Reucastle,oreucastle54@europa.eu,Female
Esmaria,Naulls,enaulls55@comsenz.com,Female
Kalila,Parsall,kparsall56@squarespace.com,Female
Otho,Drewes,odrewes57@samsung.com,Male
Tobey,Driscoll,tdriscoll58@phpbb.com,Female
Francene,Divisek,fdivisek59@harvard.edu,Female
Melina,Wilcher,mwilcher5a@soundcloud.com,Female
Albert,Dofty,adofty5b@mashable.com,Male
Ardyth,Aronson,aaronson5c@ft.com,Female
Geoff,Edscer,gedscer5d@booking.com,Male
Gardie,Mullett,gmullett5e@chicagotribune.com,Male
Howie,Lusher,hlusher5f@sbwire.com,Male
Jaime,Roalfe,jroalfe5g@businesswire.com,Male
Dewitt,Avon,davon5h@economist.com,Male
Etienne,Hallows,ehallows5i@hostgator.com,Male
Ann-marie,Ferrierio,aferrierio5j@hc360.com,Female
Ulick,Essery,uessery5k@sbwire.com,Male
Dene,Robertsson,drobertsson5l@samsung.com,Male
Levy,Muglestone,lmuglestone5m@posterous.com,Male
Lanie,Oakey,loakey5n@last.fm,Female
Cathlene,Geraldez,cgeraldez5o@so-net.ne.jp,Female
Dirk,Drissell,ddrissell5p@dion.ne.jp,Male
Nicki,Smittoune,nsmittoune5q@ihg.com,Female
Murry,Flatley,mflatley5r@t-online.de,Male
Pancho,Bentsen,pbentsen5s@flickr.com,Male
Allison,Beinisch,abeinisch5t@google.ca,Female
Clarisse,Sinderland,csinderland5u@pinterest.com,Female
Madge,McTavy,mmctavy5v@telegraph.co.uk,Female
Auberta,Dannehl,adannehl5w@wired.com,Female
Benoit,Chess,bchess5x@va.gov,Male
Maurita,Whye,mwhye5y@eventbrite.com,Female
Fergus,Draude,fdraude5z@ibm.com,Male
Ebeneser,Silson,esilson60@salon.com,Male
Wallas,Phillippo,wphillippo61@geocities.jp,Male
Toinette,Gannicleff,tgannicleff62@yellowpages.com,Female
Saundra,Leport,sleport63@weather.com,Female
Shelby,Varney,svarney64@ucsd.edu,Male
Heath,Self,hself65@cafepress.com,Female
Lani,Churn,lchurn66@usgs.gov,Female
Caroljean,McCann,cmccann67@naver.com,Female
Krystyna,Aughton,kaughton68@paginegialle.it,Female
Mirelle,Matiashvili,mmatiashvili69@sciencedaily.com,Female
Fonz,Jacobsohn,fjacobsohn6a@ocn.ne.jp,Male
Roddie,Storrock,rstorrock6b@weather.com,Male
My,Hupka,mhupka6c@constantcontact.com,Male
Broddie,Isacoff,bisacoff6d@theguardian.com,Male
Elspeth,Yewdell,eyewdell6e@microsoft.com,Female
Zackariah,MacCarrick,zmaccarrick6f@deliciousdays.com,Male
Stefania,Farndale,sfarndale6g@archive.org,Female
Archie,Korb,akorb6h@examiner.com,Male
Emanuel,Longfut,elongfut6i@usa.gov,Male
Melloney,Ottawell,mottawell6j@facebook.com,Female
Stanwood,Mallalieu,smallalieu6k@home.pl,Male
Verena,Bangle,vbangle6l@free.fr,Female
Cortie,Bowdidge,cbowdidge6m@slideshare.net,Male
Fredia,Bickerstasse,fbickerstasse6n@mozilla.org,Female
Kesley,Barlee,kbarlee6o@e-recht24.de,Female
Ashil,Nealey,anealey6p@amazon.com,Female
Riordan,Costan,rcostan6q@livejournal.com,Male
Ileane,Newarte,inewarte6r@webnode.com,Female
Sterne,Polhill,spolhill6s@altervista.org,Male
Gayle,Backshell,gbackshell6t@histats.com,Male
Arnie,Gales,agales6u@surveymonkey.com,Male
Aldus,Tuplin,atuplin6v@cnn.com,Male
Lizabeth,Milligan,lmilligan6w@ebay.com,Female
Bob,Ivanyushin,bivanyushin6x@cnn.com,Male
Elita,Hargerie,ehargerie6y@bigcartel.com,Female
Nicolas,Gurnay,ngurnay6z@digg.com,Male
Eileen,Dinwoodie,edinwoodie70@aol.com,Female
Archy,Nolton,anolton71@alibaba.com,Male
Arlana,Aveline,aaveline72@wunderground.com,Female
Ingeborg,Bernlin,ibernlin73@utexas.edu,Female
Junette,Standring,jstandring74@fastcompany.com,Female
Pearce,Povey,ppovey75@drupal.org,Male
Danella,Greenstock,dgreenstock76@bloomberg.com,Female
Deeyn,Littledike,dlittledike77@elpais.com,Female
Agosto,Fitt,afitt78@t.co,Male
Claudianus,Siely,csiely79@census.gov,Male
Almeria,Sangra,asangra7a@bloglovin.com,Female
Eugenius,Cofax,ecofax7b@pcworld.com,Male
Ariana,Frankham,afrankham7c@posterous.com,Female
Jewell,Oldcote,joldcote7d@dailymotion.com,Female
Justinn,Swadon,jswadon7e@mediafire.com,Female
Barny,Edgeler,bedgeler7f@pbs.org,Male
Stanley,Yelding,syelding7g@issuu.com,Male
Tina,Ingram,tingram7h@whitehouse.gov,Female
Emalia,McGregor,emcgregor7i@devhub.com,Female
Sabra,Weldrick,sweldrick7j@techcrunch.com,Female
Del,Lathan,dlathan7k@goo.gl,Male
Caryl,Cullen,ccullen7l@flickr.com,Male
Verla,Sutworth,vsutworth7m@arstechnica.com,Female
Kanya,Scholz,kscholz7n@cpanel.net,Female
Dominica,Sweetenham,dsweetenham7o@microsoft.com,Female
Reagan,Karle,rkarle7p@jugem.jp,Male
Berkeley,Faull,bfaull7q@kickstarter.com,Male
Mathew,Lodge,mlodge7r@vk.com,Male
Herc,Guilloud,hguilloud7s@blinklist.com,Male
Bill,Tabert,btabert7t@people.com.cn,Male
Mick,Bourdice,mbourdice7u@wired.com,Male
Davie,Creed,dcreed7v@cafepress.com,Male
Muffin,Roughey,mroughey7w@blog.com,Male
Janette,Antoinet,jantoinet7x@howstuffworks.com,Female
Josias,Henbury,jhenbury7y@java.com,Male
Matti,Jouanet,mjouanet7z@google.com.br,Female
Mae,Elstow,melstow80@php.net,Female
Garth,Ayto,gayto81@who.int,Male
Ali,Priddy,apriddy82@europa.eu,Male
Hussein,Twizell,htwizell83@mysql.com,Male
Esme,Waterman,ewaterman84@acquirethisname.com,Male
Elvera,Son,eson85@imgur.com,Female
Baudoin,Mosdell,bmosdell86@washingtonpost.com,Male
Nesta,Scholer,nscholer87@yahoo.com,Female
Gay,Gadesby,ggadesby88@etsy.com,Female
Jervis,Blaw,jblaw89@moonfruit.com,Male
Taffy,Tebbs,ttebbs8a@cdbaby.com,Female
Aldwin,Stoney,astoney8b@discovery.com,Male
Addie,Widdowfield,awiddowfield8c@usa.gov,Female
Elmira,McNirlan,emcnirlan8d@cargocollective.com,Female
Ania,Furmagier,afurmagier8e@nps.gov,Female
Alwin,Neathway,aneathway8f@yolasite.com,Male
Bil,Chin,bchin8g@163.com,Male
Auria,Hugnin,ahugnin8h@squarespace.com,Female
Dominic,Arkill,darkill8i@amazon.co.uk,Male
Heidie,BURWIN,hburwin8j@unicef.org,Female
Kenn,Iddy,kiddy8k@networkadvertising.org,Male
Lewie,Fraczkiewicz,lfraczkiewicz8l@xing.com,Male
Malina,Beagles,mbeagles8m@theatlantic.com,Female
Abie,Betjes,abetjes8n@hostgator.com,Male
Bertrand,Conklin,bconklin8o@sphinn.com,Male
Ortensia,Coghlan,ocoghlan8p@ft.com,Female
Justina,Dutson,jdutson8q@clickbank.net,Female
Catharine,Gheorghie,cgheorghie8r@businessinsider.com,Female
Beatrice,Dmitr,bdmitr8s@yahoo.com,Female
Carlyn,Crossdale,ccrossdale8t@wisc.edu,Female
Felicio,O'Regan,foregan8u@google.pl,Male
Lloyd,Dagnall,ldagnall8v@scientificamerican.com,Male
Lori,Wipfler,lwipfler8w@devhub.com,Female
Willy,Itzkowicz,witzkowicz8x@foxnews.com,Female
Piggy,Haining,phaining8y@macromedia.com,Male
Paule,Blakeman,pblakeman8z@hatena.ne.jp,Female
Tamqrah,McNeigh,tmcneigh90@photobucket.com,Female
Jerrilee,Gunby,jgunby91@github.io,Female
Rog,Thickpenny,rthickpenny92@seattletimes.com,Male
Creigh,Manley,cmanley93@bloglines.com,Male
Blake,Duhig,bduhig94@accuweather.com,Female
Ade,Crews,acrews95@paypal.com,Male
Zared,enzley,zenzley96@fema.gov,Male
Moshe,Bulgen,mbulgen97@google.nl,Male
Prudy,Grimsdale,pgrimsdale98@va.gov,Female
Burke,Callaway,bcallaway99@jugem.jp,Male
Aubrey,Geater,ageater9a@baidu.com,Male
Somerset,Fishleigh,sfishleigh9b@cyberchimps.com,Male
Delores,Foale,dfoale9c@cpanel.net,Female
Kayley,Houselee,khouselee9d@xinhuanet.com,Female
Tyson,Semble,tsemble9e@sogou.com,Male
Paige,Gilliard,pgilliard9f@mashable.com,Female
Karissa,Beccera,kbeccera9g@oaic.gov.au,Female
Amanda,Emeney,aemeney9h@mtv.com,Female
Zebedee,Gashion,zgashion9i@ibm.com,Male
Bink,Reitenbach,breitenbach9j@mediafire.com,Male
Harwilll,Ivasechko,hivasechko9k@merriam-webster.com,Male
Hubie,Neaves,hneaves9l@smugmug.com,Male
Asher,Benzie,abenzie9m@hao123.com,Male
Robinett,Bunyan,rbunyan9n@microsoft.com,Female
Derry,Vaun,dvaun9o@instagram.com,Male
Gav,Jesse,gjesse9p@cmu.edu,Male
Shawna,Faire,sfaire9q@soundcloud.com,Female
Bev,Botterill,bbotterill9r@addthis.com,Female
Wittie,Cotterill,wcotterill9s@samsung.com,Male
Niels,Meanwell,nmeanwell9t@businesswire.com,Male
Honoria,Josovich,hjosovich9u@shutterfly.com,Female
Wilmar,Aleswell,waleswell9v@chron.com,Male
Calli,Van Arsdall,cvanarsdall9w@walmart.com,Female
Angelica,McKeighan,amckeighan9x@last.fm,Female
Roland,Ovenden,rovenden9y@bing.com,Male
Darnall,Cholton,dcholton9z@ox.ac.uk,Male
Nikolos,Petroulis,npetroulisa0@dropbox.com,Male
Andreas,Hannaford,ahannaforda1@amazon.de,Male
Courtney,Callow,ccallowa2@usgs.gov,Female
Page,Riddell,priddella3@weibo.com,Male
Jacintha,Tyt,jtyta4@wix.com,Female
Dame,Poone,dpoonea5@japanpost.jp,Male
Arluene,Booth,abootha6@ezinearticles.com,Female
Bernette,Fattori,bfattoria7@tmall.com,Female
Vincents,Croyser,vcroysera8@usa.gov,Male
Misha,Elwill,melwilla9@fotki.com,Female
Marina,Raddin,mraddinaa@360.cn,Female
Sherry,McKee,smckeeab@flavors.me,Female
Solly,Klempke,sklempkeac@cnn.com,Male
Patsy,Srawley,psrawleyad@addtoany.com,Female
Dora,Ginn,dginnae@symantec.com,Female
Viki,Smogur,vsmoguraf@wordpress.org,Female
Maurits,Fivey,mfiveyag@nature.com,Male
Phillie,Picknett,ppicknettah@desdev.cn,Female
Deedee,Avraam,davraamai@cdbaby.com,Female
Alistair,Leupoldt,aleupoldtaj@simplemachines.org,Male
Evangelin,Clac,eclacak@nba.com,Female
Alberto,Killick,akillickal@rediff.com,Male
Marjie,Archell,marchellam@vistaprint.com,Female
Anita,Fazan,afazanan@go.com,Female
Chad,Dows,cdowsao@1688.com,Female
Parry,Lympenie,plympenieap@telegraph.co.uk,Male
Roxane,Frisel,rfriselaq@list-manage.com,Female
Zandra,Edney,zedneyar@vkontakte.ru,Female
Dunc,Tuxell,dtuxellas@gmpg.org,Male
Yorke,MacAllester,ymacallesterat@blogspot.com,Male
Zoe,Trousdale,ztrousdaleau@blog.com,Female
Coriss,Raimbauld,craimbauldav@blogger.com,Female
Rodge,Grannell,rgrannellaw@delicious.com,Male
Rahel,Deetlof,rdeetlofax@sun.com,Female
Lorilee,Smallshaw,lsmallshaway@weebly.com,Female
Bernadette,Shyram,bshyramaz@ebay.com,Female
Portie,Jeandel,pjeandelb0@devhub.com,Male
Krystalle,Gilbane,kgilbaneb1@liveinternet.ru,Female
Ash,Baison,abaisonb2@cpanel.net,Male
Lazaro,Bellas,lbellasb3@bbc.co.uk,Male
Gaye,Truckett,gtruckettb4@imdb.com,Female
Godfree,Hakking,ghakkingb5@slate.com,Male
Jennilee,Stringer,jstringerb6@shop-pro.jp,Female
Tamara,Dunk,tdunkb7@bbb.org,Female
Kirsteni,Richen,krichenb8@tiny.cc,Female
Ermin,Baunton,ebauntonb9@furl.net,Male
Parrnell,Venner,pvennerba@diigo.com,Male
Benedicto,Tripean,btripeanbb@baidu.com,Male
Gregoor,Bathersby,gbathersbybc@hibu.com,Male
Chrysler,Ollington,collingtonbd@dailymail.co.uk,Female
Prue,Arnull,parnullbe@kickstarter.com,Female
Masha,Lamprecht,mlamprechtbf@spiegel.de,Female
Jaquenetta,Chrystal,jchrystalbg@fastcompany.com,Female
Raffaello,Ager,ragerbh@1und1.de,Male
Corenda,Kobierski,ckobierskibi@xrea.com,Female
Giacobo,Trivett,gtrivettbj@php.net,Male
Paddie,Valdes,pvaldesbk@google.co.jp,Male
Osgood,Seymour,oseymourbl@washingtonpost.com,Male
Yovonnda,Savin,ysavinbm@sourceforge.net,Female
Kaspar,Edgell,kedgellbn@ehow.com,Male
Kennie,MacTurlough,kmacturloughbo@etsy.com,Male
Maynord,De Paepe,mdepaepebp@admin.ch,Male
Adair,Orkney,aorkneybq@blog.com,Male
Drusi,Benedtti,dbenedttibr@blogger.com,Female
Barbara-anne,Gabotti,bgabottibs@nymag.com,Female
Agustin,Liles,alilesbt@biblegateway.com,Male
Vernon,Pasticznyk,vpasticznykbu@sciencedirect.com,Male
Adriaens,Klaaassen,aklaaassenbv@vk.com,Female
Jillana,Liggett,jliggettbw@123-reg.co.uk,Female
Analiese,Dewhirst,adewhirstbx@gizmodo.com,Female
Nickola,Haggar,nhaggarby@nps.gov,Male
Johnna,Kenwright,jkenwrightbz@archive.org,Female
Koren,Bompass,kbompassc0@wisc.edu,Female
Husain,Brigginshaw,hbrigginshawc1@icq.com,Male
Rania,Hayto,rhaytoc2@tiny.cc,Female
Octavia,Barradell,obarradellc3@tamu.edu,Female
Anders,Treswell,atreswellc4@walmart.com,Male
Brita,Wattingham,bwattinghamc5@opera.com,Female
Hobey,Alkins,halkinsc6@barnesandnoble.com,Male
Jacquetta,Stillgoe,jstillgoec7@parallels.com,Female
Darla,Rosindill,drosindillc8@go.com,Female
Amerigo,Penning,apenningc9@chronoengine.com,Male
Sax,Lundy,slundyca@123-reg.co.uk,Male
Job,Kintish,jkintishcb@netlog.com,Male
Kris,Conre,kconrecc@nba.com,Female
Bennie,Tarborn,btarborncd@gmpg.org,Male
Marcelo,Van de Castele,mvandecastelece@vimeo.com,Male
Allianora,Dunwoody,adunwoodycf@g.co,Female
Felisha,Haken,fhakencg@usa.gov,Female
Shepperd,Crichley,scrichleych@craigslist.org,Male
Baxter,Strowger,bstrowgerci@tmall.com,Male
Theo,Tomaskunas,ttomaskunascj@de.vu,Female
Benedetto,Brunning,bbrunningck@mozilla.com,Male
Maxy,Dockree,mdockreecl@nydailynews.com,Male
Fernando,Radbond,fradbondcm@phpbb.com,Male
Shay,Dalla,sdallacn@yellowpages.com,Female
Georgi,Akister,gakisterco@ucla.edu,Male
Worth,Leverson,wleversoncp@illinois.edu,Male
Ange,Gricks,agrickscq@infoseek.co.jp,Female
Jeremias,Thomsen,jthomsencr@unc.edu,Male
Zahara,Ghiroldi,zghiroldics@foxnews.com,Female
Jilly,Rudgley,jrudgleyct@google.es,Female
Lorena,Humbert,lhumbertcu@usgs.gov,Female
Sonny,Angless,sanglesscv@va.gov,Female
Demetrius,Coghill,dcoghillcw@independent.co.uk,Male
Mag,Ghiroldi,mghiroldicx@paypal.com,Female
Michel,Sapey,msapeycy@europa.eu,Male
Zaria,Morrallee,zmorralleecz@jiathis.com,Female
Perl,Sexon,psexond0@statcounter.com,Female
Tyrus,Mortimer,tmortimerd1@yandex.ru,Male
Leonid,Buggy,lbuggyd2@sun.com,Male
Wallace,Powney,wpowneyd3@phoca.cz,Male
Christian,Filippov,cfilippovd4@is.gd,Male
Moore,Fussie,mfussied5@time.com,Male
Brook,Ratley,bratleyd6@dell.com,Male
Farrell,Jansey,fjanseyd7@odnoklassniki.ru,Male
Jeniffer,Tilne,jtilned8@google.fr,Female
Denni,Wingfield,dwingfieldd9@e-recht24.de,Female
Abba,O'Neary,aonearyda@illinois.edu,Male
Juliann,Glover,jgloverdb@blogtalkradio.com,Female
Tanney,MacDonnell,tmacdonnelldc@skyrock.com,Male
Clair,Emlen,cemlendd@technorati.com,Male
Sophi,Shingles,sshinglesde@typepad.com,Female
Margret,Rickword,mrickworddf@hao123.com,Female
Hilary,Larwell,hlarwelldg@usatoday.com,Male
Carmencita,Dooman,cdoomandh@prlog.org,Female
Cordelie,Pindar,cpindardi@nsw.gov.au,Female
Susan,Girard,sgirarddj@abc.net.au,Female
Haywood,Tesyro,htesyrodk@jalbum.net,Male
Zuzana,Aickin,zaickindl@e-recht24.de,Female
Rudy,Habergham,rhaberghamdm@ted.com,Male
Beverly,Wozencraft,bwozencraftdn@wordpress.org,Female
Pavel,Brozek,pbrozekdo@4shared.com,Male
Leonid,Benoist,lbenoistdp@cdc.gov,Male
Trevar,Husset,thussetdq@bluehost.com,Male
Elwood,Charlesworth,echarlesworthdr@prweb.com,Male
Ally,Alyukin,aalyukinds@ezinearticles.com,Female
Wheeler,Hughlock,whughlockdt@jimdo.com,Male
Marquita,Paye,mpayedu@tumblr.com,Female
Britte,Feuell,bfeuelldv@google.com,Female
Maggie,Becke,mbeckedw@goo.ne.jp,Female
Rea,Thornham,rthornhamdx@usa.gov,Female
Iolande,Riseley,iriseleydy@jimdo.com,Female
Kim,Hallibone,khallibonedz@timesonline.co.uk,Female
Bjorn,Ivashov,bivashove0@cisco.com,Male
Valene,Noone,vnoonee1@spiegel.de,Female
Hortensia,Wasiela,hwasielae2@howstuffworks.com,Female
Mufinella,Riddiford,mriddiforde3@ucoz.ru,Female
Joannes,Dorro,jdorroe4@clickbank.net,Female
Dominique,Demko,ddemkoe5@toplist.cz,Male
Nicolas,Nelles,nnellese6@bizjournals.com,Male
Merridie,Spir,mspire7@shareasale.com,Female
Nick,Inseal,ninseale8@plala.or.jp,Male
Phoebe,Sedgmond,psedgmonde9@dropbox.com,Female
Tanney,MacPeice,tmacpeiceea@amazon.co.uk,Male
Jeannie,Guys,jguyseb@google.com.hk,Female
Reamonn,Smithend,rsmithendec@icq.com,Male
Hussein,Limon,hlimoned@gravatar.com,Male
Abigael,Lage,alageee@columbia.edu,Female
Diane-marie,Borrie,dborrieef@weebly.com,Female
Kelila,Penny,kpennyeg@com.com,Female
Alfonso,Thame,athameeh@thetimes.co.uk,Male
Bartel,Hilary,bhilaryei@intel.com,Male
Alexio,Barron,abarronej@harvard.edu,Male
Mathian,Skone,mskoneek@meetup.com,Male
Mehetabel,MacDearmaid,mmacdearmaidel@netlog.com,Female
Barton,Matonin,bmatoninem@hp.com,Male
Luke,Gookes,lgookesen@phpbb.com,Male
Micheal,Trill,mtrilleo@wikispaces.com,Male
Chere,Huckett,chuckettep@over-blog.com,Female
Rutger,Pearle,rpearleeq@list-manage.com,Male
Blinny,Vannuccini,bvannuccinier@yelp.com,Female
Dawn,Belle,dbellees@deviantart.com,Female
Thibaud,Francioli,tfrancioliet@nhs.uk,Male
Ignacio,Dunthorn,idunthorneu@photobucket.com,Male
Bartlett,Herries,bherriesev@prlog.org,Male
Corie,Calton,ccaltonew@nbcnews.com,Female
Reagan,Magrannell,rmagrannellex@hubpages.com,Male
Imelda,Simister,isimisterey@stumbleupon.com,Female
Gardener,Botha,gbothaez@homestead.com,Male
Che,Bumford,cbumfordf0@stumbleupon.com,Male
Diena,Goodbarne,dgoodbarnef1@booking.com,Female
Christa,Grahl,cgrahlf2@people.com.cn,Female
Stefano,Risbrough,srisbroughf3@nature.com,Male
Tyrone,Cogin,tcoginf4@vk.com,Male
Enrico,Doble,edoblef5@people.com.cn,Male
Catharina,Gooms,cgoomsf6@sitemeter.com,Female
Georgy,Eyes,geyesf7@samsung.com,Male
Hayes,Duddin,hduddinf8@admin.ch,Male
Georgie,Gaskin,ggaskinf9@state.tx.us,Female
Chrissie,Hedon,chedonfa@ifeng.com,Male
Martie,Burrett,mburrettfb@tripadvisor.com,Male
Edyth,Altham,ealthamfc@wsj.com,Female
Merrily,Herion,mherionfd@sina.com.cn,Female
Winny,Sutherby,wsutherbyfe@reference.com,Male
Madalena,Montez,mmontezff@eventbrite.com,Female
Ahmad,Emsden,aemsdenfg@dailymotion.com,Male
Morey,Cuppleditch,mcuppleditchfh@umn.edu,Male
Marge,Frudd,mfruddfi@tripod.com,Female
Roda,Burchess,rburchessfj@fotki.com,Female
Merrily,Snuggs,msnuggsfk@yellowbook.com,Female
Jared,Frizell,jfrizellfl@about.com,Male
Theodor,Halloway,thallowayfm@amazon.com,Male
Karyl,Larway,klarwayfn@shinystat.com,Female
Alard,Toon,atoonfo@vinaora.com,Male
Sidnee,Espinas,sespinasfp@vk.com,Male
Jackquelin,Lusher,jlusherfq@hc360.com,Female
Merilyn,Grigsby,mgrigsbyfr@chicagotribune.com,Female
Lancelot,Beincken,lbeinckenfs@si.edu,Male
Joni,Folder,jfolderft@arizona.edu,Female
Dorelia,Jebb,djebbfu@studiopress.com,Female
Jarrid,Nowakowski,jnowakowskifv@sphinn.com,Male
Carrie,Beine,cbeinefw@dell.com,Female
Dorolice,MacKibbon,dmackibbonfx@wordpress.org,Female
Wallas,Conrart,wconrartfy@ox.ac.uk,Male
Cedric,Vittel,cvittelfz@slideshare.net,Male
Arnaldo,Murricanes,amurricanesg0@wordpress.com,Male
Ilario,Broodes,ibroodesg1@oakley.com,Male
Merna,Rosbotham,mrosbothamg2@baidu.com,Female
Will,Naseby,wnasebyg3@cisco.com,Male
Carly,Kubes,ckubesg4@thetimes.co.uk,Female
Ann,Cotherill,acotherillg5@ihg.com,Female
Marylee,Grob,mgrobg6@yelp.com,Female
Preston,Ellgood,pellgoodg7@cdc.gov,Male
Brian,MacCahee,bmaccaheeg8@unblog.fr,Male
Chris,Whellans,cwhellansg9@microsoft.com,Female
Gustav,Palke,gpalkega@jalbum.net,Male
Bradney,Armer,barmergb@geocities.com,Male
Noak,Autin,nautingc@google.com.hk,Male
Emmy,Berzons,eberzonsgd@salon.com,Female
Edsel,Beresford,eberesfordge@phpbb.com,Male
Jimmy,Tunnacliffe,jtunnacliffegf@umn.edu,Male
Rafaellle,Fretwell,rfretwellgg@icq.com,Male
Shanie,Mizzi,smizzigh@umn.edu,Female
Shaine,Stretton,sstrettongi@apple.com,Male
Geno,Biaggioli,gbiaggioligj@hostgator.com,Male
Carmelle,Drife,cdrifegk@wikispaces.com,Female
Lyssa,Blanche,lblanchegl@stanford.edu,Female
Lennie,Folini,lfolinigm@intel.com,Male
Ambur,Scaice,ascaicegn@wix.com,Female
Peyter,Yurshev,pyurshevgo@biglobe.ne.jp,Male
Karrah,Legrave,klegravegp@vistaprint.com,Female
Julissa,Airey,jaireygq@cnn.com,Female
Rogers,O'Kerin,rokeringr@accuweather.com,Male
Berkie,Doumenc,bdoumencgs@typepad.com,Male
Lanna,Whale,lwhalegt@epa.gov,Female
Markus,Daniaud,mdaniaudgu@noaa.gov,Male
Olwen,Zincke,ozinckegv@si.edu,Female
Crichton,Somers,csomersgw@shop-pro.jp,Male
Hymie,Blyde,hblydegx@reddit.com,Male
Drake,Grute,dgrutegy@unc.edu,Male
Verile,Woodwin,vwoodwingz@hugedomains.com,Female
Jillana,Cardenosa,jcardenosah0@japanpost.jp,Female
Laetitia,Vink,lvinkh1@dyndns.org,Female
Alden,Cicero,aciceroh2@list-manage.com,Male
Wilfrid,Simyson,wsimysonh3@yellowbook.com,Male
Rodney,Nottram,rnottramh4@cnet.com,Male
Edyth,Lambin,elambinh5@icq.com,Female
Scott,Habron,shabronh6@devhub.com,Male
Moore,Groger,mgrogerh7@columbia.edu,Male
Sarita,Glading,sgladingh8@issuu.com,Female
Ashleigh,Skottle,askottleh9@cisco.com,Female
Beilul,Randalson,brandalsonha@biblegateway.com,Female
Jessie,Leete,jleetehb@paypal.com,Male
Rudie,Piotr,rpiotrhc@bizjournals.com,Male
Chloris,Kensy,ckensyhd@goo.ne.jp,Female
Mendie,Jenken,mjenkenhe@techcrunch.com,Male
Arlyne,Mordey,amordeyhf@google.pl,Female
Kamila,Crean,kcreanhg@imageshack.us,Female
Fanya,Postan,fpostanhh@telegraph.co.uk,Female
Sileas,Mayou,smayouhi@ibm.com,Female
Gasper,Deeth,gdeethhj@shinystat.com,Male
Grant,Grabban,ggrabbanhk@hugedomains.com,Male
Janaye,Grimm,jgrimmhl@g.co,Female
Luce,Moors,lmoorshm@whitehouse.gov,Male
Palmer,Tomsu,ptomsuhn@quantcast.com,Male
Milzie,Alekhov,malekhovho@answers.com,Female
Samantha,Wiszniewski,swiszniewskihp@cbsnews.com,Female
Barnett,Gutans,bgutanshq@dropbox.com,Male
Nata,Peaple,npeaplehr@biblegateway.com,Female
Charles,McKay,cmckayhs@cdbaby.com,Male
Arlee,De Meyer,ademeyerht@go.com,Female
Allina,Beseke,abesekehu@zdnet.com,Female
Willow,Vercruysse,wvercruyssehv@independent.co.uk,Female
Clarette,Gyrgorcewicx,cgyrgorcewicxhw@cloudflare.com,Female
Monti,Petrello,mpetrellohx@macromedia.com,Male
Jo,Heinsius,jheinsiushy@twitpic.com,Male
Honey,Starbeck,hstarbeckhz@china.com.cn,Female
Vivyanne,Sympson,vsympsoni0@narod.ru,Female
Maxine,De Roberto,mderobertoi1@umich.edu,Female
Ailene,Selwin,aselwini2@comsenz.com,Female
Garrot,Glitherow,gglitherowi3@time.com,Male
Saunders,Isson,sissoni4@wufoo.com,Male
Gillan,Dowthwaite,gdowthwaitei5@theatlantic.com,Female
Manya,Bunclark,mbunclarki6@cbslocal.com,Female
Kimmie,Manlow,kmanlowi7@pen.io,Female
Gnni,Rupel,grupeli8@list-manage.com,Female
Ulrika,Clohisey,uclohiseyi9@devhub.com,Female
Floria,Tomes,ftomesia@examiner.com,Female
Denise,Gyves,dgyvesib@ow.ly,Female
Ciro,Sneller,csnelleric@irs.gov,Male
Brody,Kondratenya,bkondratenyaid@nydailynews.com,Male
Tabbi,Verna,tvernaie@purevolume.com,Female
Giustina,Jencken,gjenckenif@google.fr,Female
Mil,Shah,mshahig@cbc.ca,Female
Collen,Plowman,cplowmanih@zimbio.com,Female
Jen,Alders,jaldersii@indiegogo.com,Female
Kerstin,Stogill,kstogillij@simplemachines.org,Female
Patti,Zohrer,pzohrerik@symantec.com,Female
Nonna,Nevet,nnevetil@blogger.com,Female
Loralie,Guerreiro,lguerreiroim@diigo.com,Female
Margaux,Gilroy,mgilroyin@theatlantic.com,Female
Darb,Allon,dallonio@biglobe.ne.jp,Male
Zane,Klouz,zklouzip@blogger.com,Male
Lionello,d' Eye,ldeyeiq@paypal.com,Male
Tomkin,Ferreira,tferreirair@merriam-webster.com,Male
Celia,Rafter,crafteris@discuz.net,Female
Curr,Campanelli,ccampanelliit@netlog.com,Male
Galvin,Wilce,gwilceiu@alibaba.com,Male
Bernete,McGhie,bmcghieiv@paypal.com,Female
Harry,Gorrie,hgorrieiw@blogtalkradio.com,Male
Calida,Keefe,ckeefeix@posterous.com,Female
Reinaldo,Elvey,relveyiy@blogtalkradio.com,Male
Nate,D'Alesco,ndalescoiz@state.tx.us,Male
Nomi,Figura,nfiguraj0@jimdo.com,Female
Anne-corinne,Maharry,amaharryj1@sourceforge.net,Female
Joellen,Esparza,jesparzaj2@trellian.com,Female
Kattie,Fawdrie,kfawdriej3@scribd.com,Female
Kale,Bending,kbendingj4@fc2.com,Male
Minnnie,Imlen,mimlenj5@state.gov,Female
Goldia,Stainson,gstainsonj6@google.es,Female
Geri,Pawlick,gpawlickj7@nifty.com,Male
Amery,Lonnon,alonnonj8@elpais.com,Male
Isak,Docharty,idochartyj9@dyndns.org,Male
Auguste,Philipsen,aphilipsenja@diigo.com,Female
Kary,Arkil,karkiljb@loc.gov,Female
Brietta,Challener,bchallenerjc@walmart.com,Female
Gui,Harse,gharsejd@samsung.com,Female
Clim,Beese,cbeeseje@github.io,Male
Dacy,Hylden,dhyldenjf@sciencedaily.com,Female
Drud,Pringell,dpringelljg@wp.com,Male
Malorie,Downe,mdownejh@techcrunch.com,Female
Amii,Littefair,alittefairji@census.gov,Female
Amos,Recke,areckejj@etsy.com,Male
Clary,Cobbled,ccobbledjk@whitehouse.gov,Female
Aeriel,MacKissack,amackissackjl@simplemachines.org,Female
Donna,Tither,dtitherjm@microsoft.com,Female
Trace,Mitford,tmitfordjn@lycos.com,Male
Juliana,Fassmann,jfassmannjo@rakuten.co.jp,Female
Albina,Wearne,awearnejp@linkedin.com,Female
Lammond,McNamara,lmcnamarajq@homestead.com,Male
Nedda,Olivo,nolivojr@alexa.com,Female
Stesha,Wainman,swainmanjs@berkeley.edu,Female
Anna-diane,Hise,ahisejt@answers.com,Female
Garry,Riall,griallju@sogou.com,Male
Tomlin,Esp,tespjv@fastcompany.com,Male
Menard,Gorrissen,mgorrissenjw@google.com,Male
Barney,Croisier,bcroisierjx@ameblo.jp,Male
Korella,Gillebert,kgillebertjy@hostgator.com,Female
See,Muehle,smuehlejz@booking.com,Male
Adrianna,Cossell,acossellk0@epa.gov,Female
Daphna,Brazelton,dbrazeltonk1@unesco.org,Female
Grantley,Donnel,gdonnelk2@free.fr,Male
Sapphire,Danilowicz,sdanilowiczk3@columbia.edu,Female
Federico,Dionsetto,fdionsettok4@drupal.org,Male
Nady,MacCarroll,nmaccarrollk5@toplist.cz,Female
Dodie,Cashman,dcashmank6@list-manage.com,Female
Rhodie,Philipson,rphilipsonk7@fotki.com,Female
Myrtia,Byrch,mbyrchk8@dmoz.org,Female
Hort,Jori,hjorik9@wisc.edu,Male
Ado,Bayless,abaylesska@dropbox.com,Male
Teresita,Cruddas,tcruddaskb@51.la,Female
Nickolaus,Macauley,nmacauleykc@nba.com,Male
Zacharia,Dominici,zdominicikd@shareasale.com,Male
Barthel,Bonett,bbonettke@51.la,Male
Dreddy,Blofeld,dblofeldkf@wikimedia.org,Female
Trenton,De Fraine,tdefrainekg@smh.com.au,Male
Delmer,Stone Fewings,dstonefewingskh@omniture.com,Male
Noak,Hebbron,nhebbronki@ed.gov,Male
Yetty,Road,yroadkj@dyndns.org,Female
Cornelius,Tod,ctodkk@list-manage.com,Male
Malory,Demschke,mdemschkekl@tiny.cc,Female
Florie,Franzewitch,ffranzewitchkm@privacy.gov.au,Female
Woodie,Casserley,wcasserleykn@quantcast.com,Male
Costanza,Eliasson,celiassonko@sciencedaily.com,Female
Rogerio,Melbury,rmelburykp@cbsnews.com,Male
Chester,Leftly,cleftlykq@go.com,Male
Monique,Forsbey,mforsbeykr@bloglines.com,Female
Estelle,Kenryd,ekenrydks@purevolume.com,Female
Roxy,Wollrauch,rwollrauchkt@t.co,Female
Oliy,Besnardeau,obesnardeauku@addthis.com,Female
Gardner,Slogrove,gslogrovekv@technorati.com,Male
Brietta,McCree,bmccreekw@hibu.com,Female
Yancy,Reilingen,yreilingenkx@census.gov,Male
Dido,Dallimore,ddallimoreky@pbs.org,Female
Sayre,Cripwell,scripwellkz@zimbio.com,Male
Sarah,Doerling,sdoerlingl0@sohu.com,Female
Clayborne,Whitnall,cwhitnalll1@cnn.com,Male
Tressa,Romanski,tromanskil2@i2i.jp,Female
Morganica,Ormond,mormondl3@cocolog-nifty.com,Female
Korey,Livezey,klivezeyl4@businesswire.com,Male
Peg,Hargroves,phargrovesl5@jigsy.com,Female
Enrico,Brandom,ebrandoml6@washington.edu,Male
Trefor,McElrea,tmcelreal7@wired.com,Male
Eddy,Eddington,eeddingtonl8@foxnews.com,Male
Valeda,Brumhead,vbrumheadl9@canalblog.com,Female
Jackson,Coopland,jcooplandla@tumblr.com,Male
Cherise,Ovitts,covittslb@yale.edu,Female
Courtnay,Viccars,cviccarslc@epa.gov,Male
Hazel,Castelot,hcastelotld@tinypic.com,Male
Batsheva,Konig,bkonigle@blogtalkradio.com,Female
Winn,Kayzer,wkayzerlf@indiatimes.com,Male
Dallon,Kneale,dknealelg@harvard.edu,Male
Flori,Aughtie,faughtielh@tumblr.com,Female
Claudina,de Chastelain,cdechastelainli@ow.ly,Female
Lorna,Acom,lacomlj@pagesperso-orange.fr,Female
Roley,Brignell,rbrignelllk@bravesites.com,Male
Evyn,Awton,eawtonll@weather.com,Male
Erich,Koenraad,ekoenraadlm@bbb.org,Male
Shaylyn,Deacon,sdeaconln@mlb.com,Female
Tamarah,Hillaby,thillabylo@toplist.cz,Female
Susi,Crowch,scrowchlp@loc.gov,Female
Ara,Giraudat,agiraudatlq@example.com,Male
Rose,Kleinber,rkleinberlr@wp.com,Female
Gun,Yerill,gyerillls@usa.gov,Male
Olly,Pemberton,opembertonlt@123-reg.co.uk,Male
Kristoforo,Gremain,kgremainlu@bbb.org,Male
Merwyn,Kleuer,mkleuerlv@youtube.com,Male
Farly,Satterly,fsatterlylw@delicious.com,Male
Brinn,Gerrish,bgerrishlx@purevolume.com,Female
Jose,Cheke,jchekely@godaddy.com,Male
Clem,Bril,cbrillz@marriott.com,Male
Stavros,Adger,sadgerm0@google.nl,Male
Maure,Borgars,mborgarsm1@51.la,Female
Gordie,Thaw,gthawm2@nbcnews.com,Male
Henrieta,Dorricott,hdorricottm3@bandcamp.com,Female
Yolande,Van der Velde,yvanderveldem4@mlb.com,Female
Erick,Goalby,egoalbym5@cmu.edu,Male
Dorthy,Mitchenson,dmitchensonm6@hatena.ne.jp,Female
Chaddie,Tomeo,ctomeom7@tripod.com,Male
Kathlin,Parchment,kparchmentm8@pbs.org,Female
Merci,Guillart,mguillartm9@addtoany.com,Female
Ailbert,Brabbins,abrabbinsma@goodreads.com,Male
Ninetta,Emes,nemesmb@boston.com,Female
Ardisj,Fedynski,afedynskimc@taobao.com,Female
Tyson,Gartside,tgartsidemd@t-online.de,Male
Gabie,McClenan,gmcclenanme@wikipedia.org,Female
Ludvig,Matussov,lmatussovmf@flavors.me,Male
Fransisco,Issacof,fissacofmg@mayoclinic.com,Male
Van,Beeton,vbeetonmh@163.com,Female
Holt,Sibbit,hsibbitmi@craigslist.org,Male
Hertha,Ciementini,hciementinimj@google.ca,Female
Darla,Posvner,dposvnermk@liveinternet.ru,Female
Alex,Sandcroft,asandcroftml@dropbox.com,Male
Davida,Pideon,dpideonmm@uol.com.br,Female
Parsifal,Test,ptestmn@boston.com,Male
Hilda,Bruhnsen,hbruhnsenmo@ovh.net,Female
Jane,Raden,jradenmp@mapy.cz,Female
Britta,Carver,bcarvermq@jiathis.com,Female
Sawyer,McGlue,smcgluemr@ask.com,Male
Kylen,Arr,karrms@pcworld.com,Female
Kenon,Cholwell,kcholwellmt@paginegialle.it,Male
Lisle,Tytterton,ltyttertonmu@friendfeed.com,Male
Kaine,Tebbs,ktebbsmv@bandcamp.com,Male
Fonzie,Luno,flunomw@parallels.com,Male
Niki,Eagles,neaglesmx@merriam-webster.com,Male
Leda,Thorogood,lthorogoodmy@bloglovin.com,Female
Arline,Seeks,aseeksmz@barnesandnoble.com,Female
Mannie,Corriea,mcorriean0@wikipedia.org,Male
Tuesday,Mechi,tmechin1@pcworld.com,Female
Huberto,Demongeot,hdemongeotn2@webeden.co.uk,Male
Antonia,Evennett,aevennettn3@ifeng.com,Female
Jenelle,Hamments,jhammentsn4@about.com,Female
Loralee,Witchard,lwitchardn5@bbb.org,Female
Leicester,Fishpond,lfishpondn6@photobucket.com,Male
Domingo,Schroder,dschrodern7@tinypic.com,Male
Taddeo,Vinnicombe,tvinnicomben8@tuttocitta.it,Male
Pearline,Couvert,pcouvertn9@networkadvertising.org,Female
Berty,Abate,babatena@bigcartel.com,Male
Jandy,Skechley,jskechleynb@liveinternet.ru,Female
Tris,Bummfrey,tbummfreync@list-manage.com,Male
Aurel,Saunton,asauntonnd@statcounter.com,Female
Zolly,Garric,zgarricne@huffingtonpost.com,Male
Ingamar,Norsworthy,inorsworthynf@mapy.cz,Male
Helena,Bloyes,hbloyesng@jalbum.net,Female
Marten,Kenn,mkennnh@sogou.com,Male
Ranee,Kull,rkullni@woothemes.com,Female
Dahlia,Struis,dstruisnj@usda.gov,Female
Jerrome,Bennen,jbennennk@alexa.com,Male
Rahel,Harrad,rharradnl@mozilla.com,Female
Hedwiga,Hammerman,hhammermannm@ifeng.com,Female
Kimbell,Vooght,kvooghtnn@nps.gov,Male
Malachi,Bodycomb,mbodycombno@webeden.co.uk,Male
Ginger,Clementson,gclementsonnp@pagesperso-orange.fr,Male
Hailey,Rice,hricenq@trellian.com,Male
Antons,Eglinton,aeglintonnr@amazon.com,Male
Muffin,Cuthbertson,mcuthbertsonns@mac.com,Male
Marthena,Feldfisher,mfeldfishernt@privacy.gov.au,Female
Norby,Scrafton,nscraftonnu@craigslist.org,Male
Abbie,Kleszinski,akleszinskinv@latimes.com,Male
Casey,Ledeker,cledekernw@g.co,Male
Cordula,Augur,caugurnx@google.co.uk,Female
Horst,Crum,hcrumny@amazonaws.com,Male
Terrijo,Abrahamson,tabrahamsonnz@whitehouse.gov,Female
Goraud,Niven,gniveno0@ask.com,Male
Giralda,Castro,gcastroo1@usgs.gov,Female
Pet,Kopmann,pkopmanno2@amazon.com,Female
Brice,Westwell,bwestwello3@newsvine.com,Male
Berne,Henkens,bhenkenso4@narod.ru,Male
Ramsey,Delacroux,rdelacrouxo5@imgur.com,Male
Yorgo,Reddin,yreddino6@gravatar.com,Male
Reeva,MacCambridge,rmaccambridgeo7@imdb.com,Female
Ben,Huckin,bhuckino8@mozilla.com,Male
Car,Augustine,caugustineo9@prweb.com,Male
Lilla,Gladtbach,lgladtbachoa@wunderground.com,Female
Christophe,Yokel,cyokelob@nhs.uk,Male
Jereme,Duffield,jduffieldoc@gravatar.com,Male
Cybil,Richie,crichieod@cdbaby.com,Female
Eloisa,Guilford,eguilfordoe@spotify.com,Female
Dave,Darlington,ddarlingtonof@unesco.org,Male
Rahel,Barclay,rbarclayog@epa.gov,Female
Zackariah,Idell,zidelloh@diigo.com,Male
Stephen,Baynard,sbaynardoi@businessweek.com,Male
Chryste,Smallacombe,csmallacombeoj@discuz.net,Female
Verney,Shurey,vshureyok@google.fr,Male
Skipton,Hayes,shayesol@unblog.fr,Male
Pattin,Tames,ptamesom@issuu.com,Male
Bradley,Gilloran,bgilloranon@list-manage.com,Male
Aleksandr,Lomasny,alomasnyoo@oracle.com,Male
Rance,Jaksic,rjaksicop@liveinternet.ru,Male
Roscoe,Craythorne,rcraythorneoq@drupal.org,Male
Garek,Kettridge,gkettridgeor@hhs.gov,Male
Oliver,Melchior,omelchioros@shop-pro.jp,Male
Alexandrina,Ganforth,aganforthot@paginegialle.it,Female
Jobie,Lazenby,jlazenbyou@washington.edu,Female
Valenka,Cheney,vcheneyov@spotify.com,Female
Demetri,Loffel,dloffelow@census.gov,Male
Thibaud,O'Moylane,tomoylaneox@bing.com,Male
Moise,Jentin,mjentinoy@reuters.com,Male
Rance,Wassung,rwassungoz@163.com,Male
Verine,Fairney,vfairneyp0@eepurl.com,Female
Liana,Lack,llackp1@digg.com,Female
Alessandra,Sykes,asykesp2@barnesandnoble.com,Female
Emmery,Curran,ecurranp3@pagesperso-orange.fr,Male
Clyve,Armfirld,carmfirldp4@meetup.com,Male
Marcy,Fernandez,mfernandezp5@umn.edu,Female
Brigitta,Duberry,bduberryp6@wired.com,Female
Weston,Jurn,wjurnp7@epa.gov,Male
Carley,Prator,cpratorp8@kickstarter.com,Female
Cthrine,Gibke,cgibkep9@ehow.com,Female
Webster,Combe,wcombepa@paginegialle.it,Male
Niles,Dechelle,ndechellepb@oaic.gov.au,Male
Cristal,Cadle,ccadlepc@blog.com,Female
Klaus,Godon,kgodonpd@yolasite.com,Male
Burk,Ronchi,bronchipe@kickstarter.com,Male
Issy,Challes,ichallespf@freewebs.com,Female
Adey,Whatford,awhatfordpg@netscape.com,Female
Tedman,Chanders,tchandersph@vistaprint.com,Male
Amandy,Atherton,aathertonpi@last.fm,Female
Harp,Hixley,hhixleypj@w3.org,Male
Aurea,Coslitt,acoslittpk@noaa.gov,Female
Babita,Colquete,bcolquetepl@acquirethisname.com,Female
Hubie,Witch,hwitchpm@csmonitor.com,Male
Roldan,Surman,rsurmanpn@baidu.com,Male
Roseanne,Dupree,rdupreepo@cdbaby.com,Female
Hugh,Ashall,hashallpp@cdc.gov,Male
Martina,Saxton,msaxtonpq@businessweek.com,Female
Atlanta,Ingleston,ainglestonpr@uiuc.edu,Female
Garvy,Guppey,gguppeyps@hc360.com,Male
Corney,Babbidge,cbabbidgept@blogtalkradio.com,Male
Lynnelle,Filochov,lfilochovpu@tamu.edu,Female
Tabbie,Giblin,tgiblinpv@wufoo.com,Female
Cybill,Fetter,cfetterpw@sciencedaily.com,Female
Salvatore,Goncaves,sgoncavespx@wunderground.com,Male
Lydia,Oglesbee,loglesbeepy@desdev.cn,Female
Bobbee,Beatens,bbeatenspz@fc2.com,Female
Shae,Macieja,smaciejaq0@xinhuanet.com,Female
Waylon,Cruddace,wcruddaceq1@cnn.com,Male
Tucky,Welbeck,twelbeckq2@ihg.com,Male
Elias,Rodgman,erodgmanq3@example.com,Male
Erna,Whale,ewhaleq4@amazon.co.jp,Female
Clarence,Pipe,cpipeq5@discovery.com,Male
Tallulah,Coppledike,tcoppledikeq6@smh.com.au,Female
Albertine,Nesey,aneseyq7@tinyurl.com,Female
Corty,Godspeede,cgodspeedeq8@pcworld.com,Male
Darcy,Domeny,ddomenyq9@phpbb.com,Male
Mirella,Bottlestone,mbottlestoneqa@php.net,Female
Obediah,Pudner,opudnerqb@cargocollective.com,Male
Kiele,Trattles,ktrattlesqc@unc.edu,Female
Hermon,Karchewski,hkarchewskiqd@ucsd.edu,Male
Cass,Feast,cfeastqe@aol.com,Female
Pearline,Mobbs,pmobbsqf@1und1.de,Female
Dudley,Veque,dvequeqg@printfriendly.com,Male
Antonio,Vannet,avannetqh@adobe.com,Male
Beckie,Clayworth,bclayworthqi@last.fm,Female
Tabbi,Capponeer,tcapponeerqj@goodreads.com,Female
Vidovik,Darwin,vdarwinqk@tinypic.com,Male
Philbert,Ironmonger,pironmongerql@msu.edu,Male
Valene,Able,vableqm@bing.com,Female
Crista,Rubinovitch,crubinovitchqn@miibeian.gov.cn,Female
Fina,Josey,fjoseyqo@businessweek.com,Female
Justen,Cressingham,jcressinghamqp@apache.org,Male
Kassie,Edinboro,kedinboroqq@dailymotion.com,Female
Larisa,Ravenhill,lravenhillqr@baidu.com,Female
Caryn,Fagge,cfaggeqs@pen.io,Female
Dotty,de Wilde,ddewildeqt@nature.com,Female
Godfree,Thresher,gthresherqu@businessweek.com,Male
Anstice,Cornish,acornishqv@hostgator.com,Female
Lazaro,Ingall,lingallqw@newyorker.com,Male
Alejandro,Stanlock,astanlockqx@bandcamp.com,Male
Isaiah,Riccetti,iriccettiqy@free.fr,Male
Clywd,Heck,checkqz@cmu.edu,Male
Leigh,McCool,lmccoolr0@reuters.com,Female
Aurore,Vaen,avaenr1@pinterest.com,Female
Smith,Stang-Gjertsen,sstanggjertsenr2@about.com,Male
Christabel,Norcott,cnorcottr3@sciencedirect.com,Female
Nataline,Pailin,npailinr4@fotki.com,Female
Lory,O'Hannen,lohannenr5@marketwatch.com,Female
Marie-jeanne,Ashbolt,mashboltr6@illinois.edu,Female
Paten,Grishenkov,pgrishenkovr7@accuweather.com,Male
Francisca,Jankowski,fjankowskir8@tumblr.com,Female
Jaimie,Rivilis,jrivilisr9@baidu.com,Female
Kalli,Waith,kwaithra@pagesperso-orange.fr,Female
Hermie,Ridsdell,hridsdellrb@japanpost.jp,Male
Gertrude,Myderscough,gmyderscoughrc@123-reg.co.uk,Female
Gilberto,O'Hallagan,gohallaganrd@gizmodo.com,Male
Bastian,Goodison,bgoodisonre@youtu.be,Male
Stevana,Wattisham,swattishamrf@studiopress.com,Female
Calli,Grigorescu,cgrigorescurg@altervista.org,Female
Farley,Cragell,fcragellrh@samsung.com,Male
Gloriane,O'Dyvoie,godyvoieri@mayoclinic.com,Female
Adelaida,Hundell,ahundellrj@archive.org,Female
Reena,Fripp,rfripprk@adobe.com,Female
Lou,Pearle,lpearlerl@paypal.com,Female
Malina,McQuarter,mmcquarterrm@newyorker.com,Female
Barclay,Bosma,bbosmarn@scribd.com,Male
Caria,Croneen,ccroneenro@nhs.uk,Female
Maximo,Stroder,mstroderrp@google.es,Male
Rois,Summerhayes,rsummerhayesrq@aboutads.info,Female
Eleonore,Gianneschi,egianneschirr@businessinsider.com,Female
